DeleteAllData


### Run time log:
-----------------

exec global INIT section:

exec INIT section of goal __AAA_Shared_FirstGoal (#1):

exec INIT section of goal __Combat (#2):

exec INIT section of goal __GLOBAL_Dialogs (#4):
0> DB_AnimalFoodVars( "FoodTemplate1" ) [add fact]
0> DB_AnimalFoodVars( "FoodTemplate2" ) [add fact]
0> DB_AnimalFoodVars( "FoodTemplate3" ) [add fact]
0> DB_AnimalFoodVars( "FoodTemplate4" ) [add fact]
0> DB_AnimalFoodVars( "FoodTemplate5" ) [add fact]
0> DB_AnimalFoodVars( "FoodTemplate6" ) [add fact]
0> DB_CustomChildDialog( "nullstring" ) [add fact]

exec INIT section of goal __GLOBAL_HiddenWalls (#6):
0> DB_HiddenWallCount( 0 ) [add fact]

exec INIT section of goal __GLOBAL_ItemInteraction (#7):

exec INIT section of goal __GLOBAL_ItemRotationPuzzles (#8):
0> DB_IRP_Internal_IndexCount( 0 ) [add fact]

exec INIT section of goal __Shared_Campaign (#11):

exec INIT section of goal __Start (#12):
0> Proc_ExclamationMarkCleanup(  ) [Osiris procedure call]

exec INIT section of goal _AAA_FirstGoal (#13):
0> DB_Time( 1, 10, 10 ) [add fact]
0> DB_HalfHour( 20, 20 ) [add fact]
0> DB_GameHour( 300000 ) [add fact]
0> StartTimeOfDayTimerLoop(  ) [Osiris procedure call]

0> RuleActionPart of THEN at line 4870 fires. Rule variables: (INTEGER)300000
1--> TimerLaunch( "TimeOfDay", (INTEGER)300000 ) [DIV call]
0> [end of rule action part]

0> DB_FirstGoal_MoneyDialogVar( 1, "GEN_CheckMagicPocketGold_6057ad05-9492-4630-9f0a-be548b134c54" ) [add fact]
0> DB_FirstGoal_MoneyDialogVar( 2, "GEN_CheckMagicPocketGold_2_463b0f43-5410-412d-aba3-875cf81c38ca" ) [add fact]
0> DB_FirstGoal_MoneyDialogVar( 3, "GEN_CheckMagicPocketGold_3_01f129ea-b4dc-44b6-8154-9a948f876a82" ) [add fact]
0> DB_FirstGoal_MoneyDialogVar( 4, "GEN_CheckMagicPocketGold_4_5dac5eea-faeb-459c-b675-46c51519b784" ) [add fact]
0> DB_FirstGoal_MoneyDialogVar( 5, "GEN_CheckMagicPocketGold_5_8860ed48-ba5f-4b7b-82bf-f1220f967d41" ) [add fact]
0> DB_FirstGoal_MoneyDialogVar( 6, "GEN_CheckMagicPocketGold_6_ebf7de6b-4598-4feb-9c50-8083fc0fc59d" ) [add fact]
0> DB_FirstGoal_CheckPocketGoldSpeakerVar( 1, "GEN_CheckPocketGold_SpeakerIndex_8504b4e0-886e-4912-9525-fbe559c5f8ff" ) [add fact]
0> DB_FirstGoal_CheckPocketGoldSpeakerVar( 2, "GEN_CheckPocketGold_2_SpeakerIndex_a9c4d456-3ef5-491d-a1eb-49f09b91e8b4" ) [add fact]
0> DB_FirstGoal_CheckPocketGoldSpeakerVar( 3, "GEN_CheckPocketGold_3_SpeakerIndex_d7fa1537-77d4-4d7d-a955-7ffda90e6207" ) [add fact]
0> DB_FirstGoal_CheckPocketGoldSpeakerVar( 4, "GEN_CheckPocketGold_4_SpeakerIndex_5c499066-448b-4d0c-8dc9-d1553d04c6d4" ) [add fact]
0> DB_FirstGoal_CheckPocketGoldSpeakerVar( 5, "GEN_CheckPocketGold_5_SpeakerIndex_65757687-b815-43fe-be9c-1cefe82efb60" ) [add fact]
0> DB_FirstGoal_HasItemTemplate_TemplateVar( 1, "GEN_CheckHasItemTemplate_Template_ae6d2014-ca40-414b-a222-84b87efb1f05" ) [add fact]
0> DB_FirstGoal_HasItemTemplate_TemplateVar( 2, "GEN_CheckHasItemTemplate_Template_2_1c16723d-50a0-4917-a198-0970edb93555" ) [add fact]
0> DB_FirstGoal_HasItemTemplate_TemplateVar( 3, "GEN_CheckHasItemTemplate_Template_3_3965b187-cbef-40cd-9d7c-37bcb37ea2cd" ) [add fact]
0> DB_FirstGoal_HasItemTemplate_TemplateVar( 4, "GEN_CheckHasItemTemplate_Template_4_4343086d-0af4-4509-8af7-efb6ae4ca057" ) [add fact]
0> DB_FirstGoal_HasItemTemplate_TemplateVar( 5, "GEN_CheckHasItemTemplate_Template_5_069bdd27-9c44-4f21-b062-fcf75a541407" ) [add fact]
0> DB_FirstGoal_HasItemTemplate_SpeakerVar( 1, "GEN_CheckHasItemTemplate_Speaker_a41274ae-7edf-4f3d-a137-dd45978c6224" ) [add fact]
0> DB_FirstGoal_HasItemTemplate_SpeakerVar( 2, "GEN_CheckHasItemTemplate_Speaker_2_2674a9aa-1c71-42c3-977e-ffee67be69c6" ) [add fact]
0> DB_FirstGoal_HasItemTemplate_SpeakerVar( 3, "GEN_CheckHasItemTemplate_Speaker_3_7f89238b-be41-4d7a-a9a8-6dc74a2ef8be" ) [add fact]
0> DB_FirstGoal_HasItemTemplate_SpeakerVar( 4, "GEN_CheckHasItemTemplate_Speaker_4_33065191-7bc1-40dc-bd8c-3b897abb591e" ) [add fact]
0> DB_FirstGoal_HasItemTemplate_SpeakerVar( 5, "GEN_CheckHasItemTemplate_Speaker_5_4fa046a9-a305-4b89-8383-ff6173a8b774" ) [add fact]
0> DB_FirstGoal_HasItemTemplate_AmountVar( 1, "GEN_CheckHasItemTemplate_Amount_573b8076-ac9f-4c43-9161-f6eb76a90781" ) [add fact]
0> DB_FirstGoal_HasItemTemplate_AmountVar( 2, "GEN_CheckHasItemTemplate_Amount_2_0663d6aa-c918-4b65-85a7-bd8e10247734" ) [add fact]
0> DB_FirstGoal_HasItemTemplate_AmountVar( 3, "GEN_CheckHasItemTemplate_Amount_3_3837a5d2-c5d1-4200-bb5c-d7b8ad45f53a" ) [add fact]
0> DB_FirstGoal_HasItemTemplate_AmountVar( 4, "GEN_CheckHasItemTemplate_Amount_4_32f62ba7-e482-4651-8927-636de5701edc" ) [add fact]
0> DB_FirstGoal_HasItemTemplate_AmountVar( 5, "GEN_CheckHasItemTemplate_Amount_5_51db6483-c37d-4e38-b423-ebeb975571ac" ) [add fact]

exec INIT section of goal _AdvancedSneakTriggerSpotter (#14):
0> DB_SneakTriggerVars( 1, "SpottedTrigger" ) [add fact]
0> DB_SneakTriggerVars( 2, "SpottedTrigger1" ) [add fact]
0> DB_SneakTriggerVars( 3, "SpottedTrigger2" ) [add fact]
0> DB_SneakTriggerVars( 4, "SpottedTrigger3" ) [add fact]

exec INIT section of goal _Attitude (#15):

exec INIT section of goal _CRIME_ItemOwnership (#18):
0> DB_ItemOwnerShipIgnoreTemplates( "LTS_Campfire_A_6fee7bbb-4adc-4222-a5b1-82fcfb8d1230" ) [add fact]
0> DB_ItemOwnerShipIgnoreTemplates( "LTS_Campfire_B_130692f2-a065-4168-be66-27cf4df2fff0" ) [add fact]
0> DB_ItemOwnerShipIgnoreTemplates( "LTS_Campfire_C_1086cce2-9164-4746-b3c3-2f8c943cb8fc" ) [add fact]
0> DB_ItemOwnerShipIgnoreTemplates( "FUR_Humans_Camping_Sleepingbag_A_d76d0118-23cd-42af-b693-449c96c71d6d" ) [add fact]
0> DB_ItemOwnerShipIgnoreTemplates( "FUR_Humans_Citz_Mattress_A_DarkBrown_eae64571-4e99-4036-b3e2-1dcc6da78c89" ) [add fact]
0> DB_ItemOwnerShipIgnoreTemplates( "LTS_Candle_A_f21393ff-31bc-46ff-a024-985e72cd83f5" ) [add fact]
0> DB_ItemOwnerShipIgnoreTemplates( "LTS_Candle_B_d5e83188-69f5-428f-8bca-64f00b441aef" ) [add fact]
0> DB_ItemOwnerShipIgnoreTemplates( "LTS_Candle_C_b98b4f53-5cf3-46b1-8ecd-278f178a9816" ) [add fact]
0> DB_ItemOwnerShipIgnoreTemplates( "LTS_Candle_D_511c5c17-2ed0-4b2e-a4b5-425621cb61ac" ) [add fact]
0> DB_ItemOwnerShipIgnoreTemplates( "LTS_Candle_E_f497d3af-8837-4183-9bf4-aef2ef1145d1" ) [add fact]
0> DB_ItemOwnerShipIgnoreTemplates( "LTS_Candle_F_0121d78b-8831-4607-9c2f-db63edcdfbb6" ) [add fact]
0> DB_ItemOwnerShipIgnoreTemplates( "LTS_Candle_G_83e373a2-ca7b-4c35-8761-d04605aaabca" ) [add fact]
0> DB_ItemOwnerShipIgnoreTemplates( "LTS_Candle_H_49acf8f4-946e-4f62-a12e-e85d332f3d96" ) [add fact]
0> DB_ItemOwnerShipIgnoreTemplates( "LTS_Candle_I_728b84a6-3929-48eb-9368-631a0614e38d" ) [add fact]
0> DB_ItemOwnerShipIgnoreTemplates( "LTS_Candle_J_b8b63ed1-7c28-4c68-90b2-e83db433467b" ) [add fact]
0> DB_ItemOwnerShipIgnoreTemplates( "LTS_Candle_K_ef4d1dd9-8d2a-4677-98c3-bb9dd52c0865" ) [add fact]
0> DB_ItemOwnerShipIgnoreTemplates( "BLD_Humans_Dungeon_Stairs_A_5H_4L_B_Dynamic_0b674c38-44c6-4d69-84fe-b88c1df30fa4" ) [add fact]

exec INIT section of goal _CRIME_Prison (#19):
0> DB_ArrestDialogFlags( "Assault", "GEB_Arrest_Assault" ) [add fact]
0> DB_ArrestDialogFlags( "SpiritTalk", "GEB_Arrest_Source" ) [add fact]
0> DB_ArrestDialogFlags( "SourceMagic", "GEB_Arrest_Source" ) [add fact]
0> DB_ArrestDialogFlags( "Steal", "GEB_Arrest_Theft" ) [add fact]
0> DB_ArrestDialogFlags( "PickPocketFailed", "GEB_Arrest_Theft" ) [add fact]
0> DB_ArrestDialogFlags( "PickPocket", "GEB_Arrest_Theft" ) [add fact]
0> DB_ArrestDialogFlags( "ItemDestroy", "GEB_Arrest_Vandalise" ) [add fact]
0> DB_ArrestDialogFlags( "Vandalise", "GEB_Arrest_Vandalise" ) [add fact]
0> DB_ArrestDialogFlags( "VandaliseNoOwner", "GEB_Arrest_Vandalise" ) [add fact]
0> DB_ArrestDialogFlags( "Trespassing", "GEB_Arrest_Trespassing" ) [add fact]
0> DB_ArrestDialogFlags( "UseForbiddenItem", "GEB_Arrest_UseForbiddenItem" ) [add fact]
0> DB_ArrestDialogFlags( "SneakUseForbiddenItem", "GEB_Arrest_UseForbiddenItem" ) [add fact]
0> DB_ReactOutOfRegion( "RED PRINCE" ) [add fact]
0> DB_ReactOutOfRegion( "IFAN" ) [add fact]
0> DB_ReactOutOfRegion( "LOHSE" ) [add fact]
0> DB_ReactOutOfRegion( "SEBILLE" ) [add fact]
0> DB_ReactOutOfRegion( "BEAST" ) [add fact]
0> DB_ReactOutOfRegion( "FANE" ) [add fact]
0> DB_ReactOutOfRegion( "AGGRESSIVEANIMAL" ) [add fact]

exec INIT section of goal _Global (#23):

exec INIT section of goal _Global_CharacterAnimations (#25):
0> DB_GLO_CharacterAnimation( "PlayAnim_attack1", "attack1", 0 ) [add fact]
0> DB_GLO_CharacterAnimation( "PlayAnim_attack2", "attack2", 0 ) [add fact]
0> DB_GLO_CharacterAnimation( "PlayAnim_attack3", "attack3", 0 ) [add fact]
0> DB_GLO_CharacterAnimation( "PlayAnim_attack_ground", "attack_ground", 0 ) [add fact]
0> DB_GLO_CharacterAnimation( "PlayAnim_Loop_thrown_loop", "thrown_loop", 1 ) [add fact]
0> DB_GLO_CharacterAnimation( "PlayAnim_thrown_land", "thrown_land", 0 ) [add fact]
0> DB_GLO_CharacterAnimation( "PlayAnim_knockdown_fall", "knockdown_fall", 0 ) [add fact]
0> DB_GLO_CharacterAnimation( "PlayAnim_Loop_knockdown_loop", "knockdown_loop", 1 ) [add fact]
0> DB_GLO_CharacterAnimation( "PlayAnim_knockdown_getup", "knockdown_getup", 0 ) [add fact]
0> DB_GLO_CharacterAnimation( "PlayAnim_barf", "barf", 0 ) [add fact]
0> DB_GLO_CharacterAnimation( "PlayAnim_die_melee", "die_melee", 0 ) [add fact]
0> DB_GLO_CharacterAnimation( "PlayAnim_die_slash", "die_slash", 0 ) [add fact]
0> DB_GLO_CharacterAnimation( "PlayAnim_die_crush", "die_crush", 0 ) [add fact]
0> DB_GLO_CharacterAnimation( "PlayAnim_die_pierce", "die_pierce", 0 ) [add fact]
0> DB_GLO_CharacterAnimation( "PlayAnim_die_arrow", "die_arrow", 0 ) [add fact]
0> DB_GLO_CharacterAnimation( "PlayAnim_die_dot", "die_dot", 0 ) [add fact]
0> DB_GLO_CharacterAnimation( "PlayAnim_die_incinerate", "die_incinerate", 0 ) [add fact]
0> DB_GLO_CharacterAnimation( "PlayAnim_die_acid", "die_acid", 0 ) [add fact]
0> DB_GLO_CharacterAnimation( "PlayAnim_die_electrocution", "die_electrocution", 0 ) [add fact]
0> DB_GLO_CharacterAnimation( "PlayAnim_die_frozenshatter", "die_frozenshatter", 0 ) [add fact]
0> DB_GLO_CharacterAnimation( "PlayAnim_die_hang", "die_hang", 0 ) [add fact]
0> DB_GLO_CharacterAnimation( "PlayAnim_hit", "hit", 0 ) [add fact]
0> DB_GLO_CharacterAnimation( "PlayAnim_hit_backstab", "hit_backstab", 0 ) [add fact]
0> DB_GLO_CharacterAnimation( "PlayAnim_hit_magic", "hit_magic", 0 ) [add fact]
0> DB_GLO_CharacterAnimation( "PlayAnim_block", "block", 0 ) [add fact]
0> DB_GLO_CharacterAnimation( "PlayAnim_dodge", "dodge", 0 ) [add fact]
0> DB_GLO_CharacterAnimation( "PlayAnim_dodge_backstab", "dodge_backstab", 0 ) [add fact]
0> DB_GLO_CharacterAnimation( "PlayAnim_Loop_idle1", "idle1", 1 ) [add fact]
0> DB_GLO_CharacterAnimation( "PlayAnim_Loop_idle2", "idle2", 1 ) [add fact]
0> DB_GLO_CharacterAnimation( "PlayAnim_Loop_idle3", "idle3", 1 ) [add fact]
0> DB_GLO_CharacterAnimation( "PlayAnim_Loop_walk", "walk", 1 ) [add fact]
0> DB_GLO_CharacterAnimation( "PlayAnim_Loop_sneak", "sneak", 1 ) [add fact]
0> DB_GLO_CharacterAnimation( "PlayAnim_Loop_run", "run", 1 ) [add fact]
0> DB_GLO_CharacterAnimation( "PlayAnim_Loop_still", "still", 1 ) [add fact]
0> DB_GLO_CharacterAnimation( "PlayAnim_Loop_stillsneaking", "stillsneaking", 1 ) [add fact]
0> DB_GLO_CharacterAnimation( "PlayAnim_Loop_stilldiseased", "stilldiseased", 1 ) [add fact]
0> DB_GLO_CharacterAnimation( "PlayAnim_Loop_stillchilled", "stillchilled", 1 ) [add fact]
0> DB_GLO_CharacterAnimation( "PlayAnim_Loop_stillcrippled", "stillcrippled", 1 ) [add fact]
0> DB_GLO_CharacterAnimation( "PlayAnim_Loop_stillblind", "stillblind", 1 ) [add fact]
0> DB_GLO_CharacterAnimation( "PlayAnim_Loop_stilldrunk", "stilldrunk", 1 ) [add fact]
0> DB_GLO_CharacterAnimation( "PlayAnim_Loop_stillelectrified", "stillelectrified", 1 ) [add fact]
0> DB_GLO_CharacterAnimation( "PlayAnim_Loop_walk_wings", "walk_wings", 1 ) [add fact]
0> DB_GLO_CharacterAnimation( "PlayAnim_Loop_run_wings", "run_wings", 1 ) [add fact]
0> DB_GLO_CharacterAnimation( "PlayAnim_Loop_still_wings", "still_wings", 1 ) [add fact]
0> DB_GLO_CharacterAnimation( "PlayAnim_Loop_stillmental", "stillmental", 1 ) [add fact]
0> DB_GLO_CharacterAnimation( "PlayAnim_Loop_cower", "cower", 1 ) [add fact]
0> DB_GLO_CharacterAnimation( "PlayAnim_spawn", "spawn", 0 ) [add fact]
0> DB_GLO_CharacterAnimation( "PlayAnim_polymorphed", "polymorphed", 0 ) [add fact]
0> DB_GLO_CharacterAnimation( "PlayAnim_resurrect", "resurrect", 0 ) [add fact]
0> DB_GLO_CharacterAnimation( "PlayAnim_use_inspect", "use_inspect", 0 ) [add fact]
0> DB_GLO_CharacterAnimation( "PlayAnim_use_activate", "use_activate", 0 ) [add fact]
0> DB_GLO_CharacterAnimation( "PlayAnim_use_loot", "use_loot", 0 ) [add fact]
0> DB_GLO_CharacterAnimation( "PlayAnim_use_eat", "use_eat", 0 ) [add fact]
0> DB_GLO_CharacterAnimation( "PlayAnim_use_drink", "use_drink", 0 ) [add fact]
0> DB_GLO_CharacterAnimation( "PlayAnim_use_craft", "use_craft", 0 ) [add fact]
0> DB_GLO_CharacterAnimation( "PlayAnim_use_dig", "use_dig", 0 ) [add fact]
0> DB_GLO_CharacterAnimation( "PlayAnim_skill_stance_start", "skill_stance_start", 0 ) [add fact]
0> DB_GLO_CharacterAnimation( "PlayAnim_Loop_skill_stance_loop", "skill_stance_loop", 1 ) [add fact]
0> DB_GLO_CharacterAnimation( "PlayAnim_skill_stance_cast", "skill_stance_cast", 0 ) [add fact]
0> DB_GLO_CharacterAnimation( "PlayAnim_skill_prepare_weapon_01_start", "skill_prepare_weapon_01_start", 0 ) [add fact]
0> DB_GLO_CharacterAnimation( "PlayAnim_Loop_skill_prepare_weapon_01_loop", "skill_prepare_weapon_01_loop", 1 ) [add fact]
0> DB_GLO_CharacterAnimation( "PlayAnim_skill_attack_flurry_01_cast", "skill_attack_flurry_01_cast", 0 ) [add fact]
0> DB_GLO_CharacterAnimation( "PlayAnim_skill_attack_precision_01_cast", "skill_attack_precision_01_cast", 0 ) [add fact]
0> DB_GLO_CharacterAnimation( "PlayAnim_skill_attack_power_01_cast", "skill_attack_power_01_cast", 0 ) [add fact]
0> DB_GLO_CharacterAnimation( "PlayAnim_skill_attack_round_01_cast", "skill_attack_round_01_cast", 0 ) [add fact]
0> DB_GLO_CharacterAnimation( "PlayAnim_skill_attack_multi_01_cast", "skill_attack_multi_01_cast", 0 ) [add fact]
0> DB_GLO_CharacterAnimation( "PlayAnim_skill_attack_multi_02_cast", "skill_attack_multi_02_cast", 0 ) [add fact]
0> DB_GLO_CharacterAnimation( "PlayAnim_skill_attack_aoe_01_cast", "skill_attack_aoe_01_cast", 0 ) [add fact]
0> DB_GLO_CharacterAnimation( "PlayAnim_skill_attack_offhand_01_cast", "skill_attack_offhand_01_cast", 0 ) [add fact]
0> DB_GLO_CharacterAnimation( "PlayAnim_skill_attack_stance_01_cast", "skill_attack_stance_01_cast", 0 ) [add fact]
0> DB_GLO_CharacterAnimation( "PlayAnim_skill_attack_projectile_01_cast", "skill_attack_projectile_01_cast", 0 ) [add fact]
0> DB_GLO_CharacterAnimation( "PlayAnim_skill_attack_projectile_02_cast", "skill_attack_projectile_02_cast", 0 ) [add fact]
0> DB_GLO_CharacterAnimation( "PlayAnim_skill_arrow_start", "skill_arrow_start", 0 ) [add fact]
0> DB_GLO_CharacterAnimation( "PlayAnim_Loop_skill_arrow_loop", "skill_arrow_loop", 1 ) [add fact]
0> DB_GLO_CharacterAnimation( "PlayAnim_skill_arrow_cast", "skill_arrow_cast", 0 ) [add fact]
0> DB_GLO_CharacterAnimation( "PlayAnim_skill_rainofarrows_start", "skill_rainofarrows_start", 0 ) [add fact]
0> DB_GLO_CharacterAnimation( "PlayAnim_Loop_skill_rainofarrows_loop", "skill_rainofarrows_loop", 1 ) [add fact]
0> DB_GLO_CharacterAnimation( "PlayAnim_skill_rainofarrows_cast", "skill_rainofarrows_cast", 0 ) [add fact]
0> DB_GLO_CharacterAnimation( "PlayAnim_skill_splittingarrows_start", "skill_splittingarrows_start", 0 ) [add fact]
0> DB_GLO_CharacterAnimation( "PlayAnim_Loop_skill_splittingarrows_loop", "skill_splittingarrows_loop", 1 ) [add fact]
0> DB_GLO_CharacterAnimation( "PlayAnim_skill_splittingarrows_cast", "skill_splittingarrows_cast", 0 ) [add fact]
0> DB_GLO_CharacterAnimation( "PlayAnim_skill_multishot_lvl1_cast", "skill_multishot_lvl1_cast", 0 ) [add fact]
0> DB_GLO_CharacterAnimation( "PlayAnim_skill_multishot_lvl2_cast", "skill_multishot_lvl2_cast", 0 ) [add fact]
0> DB_GLO_CharacterAnimation( "PlayAnim_skill_multishot_lvl3_cast", "skill_multishot_lvl3_cast", 0 ) [add fact]
0> DB_GLO_CharacterAnimation( "PlayAnim_skill_multishot_lvl4_cast", "skill_multishot_lvl4_cast", 0 ) [add fact]
0> DB_GLO_CharacterAnimation( "PlayAnim_skill_multishot_lvl5_cast", "skill_multishot_lvl5_cast", 0 ) [add fact]
0> DB_GLO_CharacterAnimation( "PlayAnim_skill_multishot_lvl6_cast", "skill_multishot_lvl6_cast", 0 ) [add fact]
0> DB_GLO_CharacterAnimation( "PlayAnim_skill_multishot_lvl7_cast", "skill_multishot_lvl7_cast", 0 ) [add fact]
0> DB_GLO_CharacterAnimation( "PlayAnim_skill_multishot_lvl8_cast", "skill_multishot_lvl8_cast", 0 ) [add fact]
0> DB_GLO_CharacterAnimation( "PlayAnim_skill_multishot_lvl9_cast", "skill_multishot_lvl9_cast", 0 ) [add fact]
0> DB_GLO_CharacterAnimation( "PlayAnim_skill_multishot_lvl10_cast", "skill_multishot_lvl10_cast", 0 ) [add fact]
0> DB_GLO_CharacterAnimation( "PlayAnim_skill_flurry_start", "skill_flurry_start", 0 ) [add fact]
0> DB_GLO_CharacterAnimation( "PlayAnim_Loop_skill_flurry_loop", "skill_flurry_loop", 1 ) [add fact]
0> DB_GLO_CharacterAnimation( "PlayAnim_skill_flurry_cast", "skill_flurry_cast", 0 ) [add fact]
0> DB_GLO_CharacterAnimation( "PlayAnim_skill_powerattack_start", "skill_powerattack_start", 0 ) [add fact]
0> DB_GLO_CharacterAnimation( "PlayAnim_Loop_skill_powerattack_loop", "skill_powerattack_loop", 1 ) [add fact]
0> DB_GLO_CharacterAnimation( "PlayAnim_skill_powerattack_cast", "skill_powerattack_cast", 0 ) [add fact]
0> DB_GLO_CharacterAnimation( "PlayAnim_skill_whirlwind_start", "skill_whirlwind_start", 0 ) [add fact]
0> DB_GLO_CharacterAnimation( "PlayAnim_Loop_skill_whirlwind_loop", "skill_whirlwind_loop", 1 ) [add fact]
0> DB_GLO_CharacterAnimation( "PlayAnim_skill_whirlwind_cast", "skill_whirlwind_cast", 0 ) [add fact]
0> DB_GLO_CharacterAnimation( "PlayAnim_skill_fatality_start", "skill_fatality_start", 0 ) [add fact]
0> DB_GLO_CharacterAnimation( "PlayAnim_Loop_skill_fatality_loop", "skill_fatality_loop", 1 ) [add fact]
0> DB_GLO_CharacterAnimation( "PlayAnim_skill_fatality_cast", "skill_fatality_cast", 0 ) [add fact]
0> DB_GLO_CharacterAnimation( "PlayAnim_skill_shadowstrike_start", "skill_shadowstrike_start", 0 ) [add fact]
0> DB_GLO_CharacterAnimation( "PlayAnim_Loop_skill_shadowstrike_loop", "skill_shadowstrike_loop", 1 ) [add fact]
0> DB_GLO_CharacterAnimation( "PlayAnim_skill_shadowstrike_cast", "skill_shadowstrike_cast", 0 ) [add fact]
0> DB_GLO_CharacterAnimation( "PlayAnim_skill_lacerate_start", "skill_lacerate_start", 0 ) [add fact]
0> DB_GLO_CharacterAnimation( "PlayAnim_Loop_skill_lacerate_loop", "skill_lacerate_loop", 1 ) [add fact]
0> DB_GLO_CharacterAnimation( "PlayAnim_skill_lacerate_cast", "skill_lacerate_cast", 0 ) [add fact]
0> DB_GLO_CharacterAnimation( "PlayAnim_emotion_normal", "emotion_normal", 0 ) [add fact]
0> DB_GLO_CharacterAnimation( "PlayAnim_Loop_emotion_normal_looping1", "emotion_normal_looping1", 1 ) [add fact]
0> DB_GLO_CharacterAnimation( "PlayAnim_Loop_emotion_normal_looping2", "emotion_normal_looping2", 1 ) [add fact]
0> DB_GLO_CharacterAnimation( "PlayAnim_Loop_emotion_normal_looping3", "emotion_normal_looping3", 1 ) [add fact]
0> DB_GLO_CharacterAnimation( "PlayAnim_emotion_angry", "emotion_angry", 0 ) [add fact]
0> DB_GLO_CharacterAnimation( "PlayAnim_Loop_emotion_angry_looping1", "emotion_angry_looping1", 1 ) [add fact]
0> DB_GLO_CharacterAnimation( "PlayAnim_Loop_emotion_angry_looping2", "emotion_angry_looping2", 1 ) [add fact]
0> DB_GLO_CharacterAnimation( "PlayAnim_Loop_emotion_angry_looping3", "emotion_angry_looping3", 1 ) [add fact]
0> DB_GLO_CharacterAnimation( "PlayAnim_emotion_boasting_bragging", "emotion_boasting_bragging", 0 ) [add fact]
0> DB_GLO_CharacterAnimation( "PlayAnim_Loop_emotion_boasting_bragging_looping1", "emotion_boasting_bragging_looping1", 1 ) [add fact]
0> DB_GLO_CharacterAnimation( "PlayAnim_Loop_emotion_boasting_bragging_looping2", "emotion_boasting_bragging_looping2", 1 ) [add fact]
0> DB_GLO_CharacterAnimation( "PlayAnim_Loop_emotion_boasting_bragging_looping3", "emotion_boasting_bragging_looping3", 1 ) [add fact]
0> DB_GLO_CharacterAnimation( "PlayAnim_emotion_clueless", "emotion_clueless", 0 ) [add fact]
0> DB_GLO_CharacterAnimation( "PlayAnim_Loop_emotion_clueless_looping1", "emotion_clueless_looping1", 1 ) [add fact]
0> DB_GLO_CharacterAnimation( "PlayAnim_Loop_emotion_clueless_looping2", "emotion_clueless_looping2", 1 ) [add fact]
0> DB_GLO_CharacterAnimation( "PlayAnim_Loop_emotion_clueless_looping3", "emotion_clueless_looping3", 1 ) [add fact]
0> DB_GLO_CharacterAnimation( "PlayAnim_emotion_cower_scared", "emotion_cower_scared", 0 ) [add fact]
0> DB_GLO_CharacterAnimation( "PlayAnim_Loop_emotion_cower_scared_looping1", "emotion_cower_scared_looping1", 1 ) [add fact]
0> DB_GLO_CharacterAnimation( "PlayAnim_Loop_emotion_cower_scared_looping2", "emotion_cower_scared_looping2", 1 ) [add fact]
0> DB_GLO_CharacterAnimation( "PlayAnim_Loop_emotion_cower_scared_looping3", "emotion_cower_scared_looping3", 1 ) [add fact]
0> DB_GLO_CharacterAnimation( "PlayAnim_emotion_greeting", "emotion_greeting", 0 ) [add fact]
0> DB_GLO_CharacterAnimation( "PlayAnim_Loop_emotion_greeting_looping1", "emotion_greeting_looping1", 1 ) [add fact]
0> DB_GLO_CharacterAnimation( "PlayAnim_Loop_emotion_greeting_looping2", "emotion_greeting_looping2", 1 ) [add fact]
0> DB_GLO_CharacterAnimation( "PlayAnim_Loop_emotion_greeting_looping3", "emotion_greeting_looping3", 1 ) [add fact]
0> DB_GLO_CharacterAnimation( "PlayAnim_emotion_happy_cheerful", "emotion_happy_cheerful", 0 ) [add fact]
0> DB_GLO_CharacterAnimation( "PlayAnim_Loop_emotion_happy_cheerful_looping1", "emotion_happy_cheerful_looping1", 1 ) [add fact]
0> DB_GLO_CharacterAnimation( "PlayAnim_Loop_emotion_happy_cheerful_looping2", "emotion_happy_cheerful_looping2", 1 ) [add fact]
0> DB_GLO_CharacterAnimation( "PlayAnim_Loop_emotion_happy_cheerful_looping3", "emotion_happy_cheerful_looping3", 1 ) [add fact]
0> DB_GLO_CharacterAnimation( "PlayAnim_emotion_ignore_dismiss", "emotion_ignore_dismiss", 0 ) [add fact]
0> DB_GLO_CharacterAnimation( "PlayAnim_Loop_emotion_ignore_dismiss_looping1", "emotion_ignore_dismiss_looping1", 1 ) [add fact]
0> DB_GLO_CharacterAnimation( "PlayAnim_Loop_emotion_ignore_dismiss_looping2", "emotion_ignore_dismiss_looping2", 1 ) [add fact]
0> DB_GLO_CharacterAnimation( "PlayAnim_Loop_emotion_ignore_dismiss_looping3", "emotion_ignore_dismiss_looping3", 1 ) [add fact]
0> DB_GLO_CharacterAnimation( "PlayAnim_emotion_panic_distress", "emotion_panic_distress", 0 ) [add fact]
0> DB_GLO_CharacterAnimation( "PlayAnim_Loop_emotion_panic_distress_looping1", "emotion_panic_distress_looping1", 1 ) [add fact]
0> DB_GLO_CharacterAnimation( "PlayAnim_Loop_emotion_panic_distress_looping2", "emotion_panic_distress_looping2", 1 ) [add fact]
0> DB_GLO_CharacterAnimation( "PlayAnim_Loop_emotion_panic_distress_looping3", "emotion_panic_distress_looping3", 1 ) [add fact]
0> DB_GLO_CharacterAnimation( "PlayAnim_emotion_insulting", "emotion_insulting", 0 ) [add fact]
0> DB_GLO_CharacterAnimation( "PlayAnim_Loop_emotion_insulting_looping1", "emotion_insulting_looping1", 1 ) [add fact]
0> DB_GLO_CharacterAnimation( "PlayAnim_Loop_emotion_insulting_looping2", "emotion_insulting_looping2", 1 ) [add fact]
0> DB_GLO_CharacterAnimation( "PlayAnim_Loop_emotion_insulting_looping3", "emotion_insulting_looping3", 1 ) [add fact]
0> DB_GLO_CharacterAnimation( "PlayAnim_emotion_sad", "emotion_sad", 0 ) [add fact]
0> DB_GLO_CharacterAnimation( "PlayAnim_Loop_emotion_sad_looping1", "emotion_sad_looping1", 1 ) [add fact]
0> DB_GLO_CharacterAnimation( "PlayAnim_Loop_emotion_sad_looping2", "emotion_sad_looping2", 1 ) [add fact]
0> DB_GLO_CharacterAnimation( "PlayAnim_Loop_emotion_sad_looping3", "emotion_sad_looping3", 1 ) [add fact]
0> DB_GLO_CharacterAnimation( "PlayAnim_emotion_thankful", "emotion_thankful", 0 ) [add fact]
0> DB_GLO_CharacterAnimation( "PlayAnim_Loop_emotion_thankful_looping1", "emotion_thankful_looping1", 1 ) [add fact]
0> DB_GLO_CharacterAnimation( "PlayAnim_Loop_emotion_thankful_looping2", "emotion_thankful_looping2", 1 ) [add fact]
0> DB_GLO_CharacterAnimation( "PlayAnim_Loop_emotion_thankful_looping3", "emotion_thankful_looping3", 1 ) [add fact]
0> DB_GLO_CharacterAnimation( "PlayAnim_emotion_sly_scheming", "emotion_sly_scheming", 0 ) [add fact]
0> DB_GLO_CharacterAnimation( "PlayAnim_Loop_emotion_sly_scheming_looping1", "emotion_sly_scheming_looping1", 1 ) [add fact]
0> DB_GLO_CharacterAnimation( "PlayAnim_Loop_emotion_sly_scheming_looping2", "emotion_sly_scheming_looping2", 1 ) [add fact]
0> DB_GLO_CharacterAnimation( "PlayAnim_Loop_emotion_sly_scheming_looping3", "emotion_sly_scheming_looping3", 1 ) [add fact]
0> DB_GLO_CharacterAnimation( "PlayAnim_emotion_sarcasm_haughty", "emotion_sarcasm_haughty", 0 ) [add fact]
0> DB_GLO_CharacterAnimation( "PlayAnim_Loop_emotion_sarcasm_haughty_looping1", "emotion_sarcasm_haughty_looping1", 1 ) [add fact]
0> DB_GLO_CharacterAnimation( "PlayAnim_Loop_emotion_sarcasm_haughty_looping2", "emotion_sarcasm_haughty_looping2", 1 ) [add fact]
0> DB_GLO_CharacterAnimation( "PlayAnim_Loop_emotion_sarcasm_haughty_looping3", "emotion_sarcasm_haughty_looping3", 1 ) [add fact]
0> DB_GLO_CharacterAnimation( "PlayAnim_emotion_flirt", "emotion_flirt", 0 ) [add fact]
0> DB_GLO_CharacterAnimation( "PlayAnim_Loop_emotion_flirt_looping1", "emotion_flirt_looping1", 1 ) [add fact]
0> DB_GLO_CharacterAnimation( "PlayAnim_Loop_emotion_flirt_looping2", "emotion_flirt_looping2", 1 ) [add fact]
0> DB_GLO_CharacterAnimation( "PlayAnim_Loop_emotion_flirt_looping3", "emotion_flirt_looping3", 1 ) [add fact]
0> DB_GLO_CharacterAnimation( "PlayAnim_climb_UpAttach", "climb_UpAttach", 0 ) [add fact]
0> DB_GLO_CharacterAnimation( "PlayAnim_Loop_climb_Up", "climb_Up", 1 ) [add fact]
0> DB_GLO_CharacterAnimation( "PlayAnim_climb_UpDetach", "climb_UpDetach", 0 ) [add fact]
0> DB_GLO_CharacterAnimation( "PlayAnim_climb_DownAttach", "climb_DownAttach", 0 ) [add fact]
0> DB_GLO_CharacterAnimation( "PlayAnim_Loop_climb_Down", "climb_Down", 1 ) [add fact]
0> DB_GLO_CharacterAnimation( "PlayAnim_climb_DownDetach", "climb_DownDetach", 0 ) [add fact]
0> DB_GLO_CharacterAnimation( "PlayAnim_cast_target_start", "cast_target_start", 0 ) [add fact]
0> DB_GLO_CharacterAnimation( "PlayAnim_Loop_cast_target_loop", "cast_target_loop", 1 ) [add fact]
0> DB_GLO_CharacterAnimation( "PlayAnim_cast_target_cast", "cast_target_cast", 0 ) [add fact]
0> DB_GLO_CharacterAnimation( "PlayAnim_cast_shout_start", "cast_shout_start", 0 ) [add fact]
0> DB_GLO_CharacterAnimation( "PlayAnim_Loop_cast_shout_loop", "cast_shout_loop", 1 ) [add fact]
0> DB_GLO_CharacterAnimation( "PlayAnim_Activate_01", "Activate_01", 0 ) [add fact]
0> DB_GLO_CharacterAnimation( "PlayAnim_Annoyed_01", "Annoyed_01", 0 ) [add fact]
0> DB_GLO_CharacterAnimation( "PlayAnim_Attention_01", "Attention_01", 0 ) [add fact]
0> DB_GLO_CharacterAnimation( "PlayAnim_Attention_02", "Attention_02", 0 ) [add fact]
0> DB_GLO_CharacterAnimation( "PlayAnim_Attention_03", "Attention_03", 0 ) [add fact]
0> DB_GLO_CharacterAnimation( "PlayAnim_Attentive_01", "Attentive_01", 0 ) [add fact]
0> DB_GLO_CharacterAnimation( "PlayAnim_Beg_01", "Beg_01", 0 ) [add fact]
0> DB_GLO_CharacterAnimation( "PlayAnim_BehindBars_01", "BehindBars_01", 0 ) [add fact]
0> DB_GLO_CharacterAnimation( "PlayAnim_BehindBars_02", "BehindBars_02", 0 ) [add fact]
0> DB_GLO_CharacterAnimation( "PlayAnim_Bellringer_01", "Bellringer_01", 0 ) [add fact]
0> DB_GLO_CharacterAnimation( "PlayAnim_Blacksmith_01", "Blacksmith_01", 0 ) [add fact]
0> DB_GLO_CharacterAnimation( "PlayAnim_Blacksmith_02", "Blacksmith_02", 0 ) [add fact]
0> DB_GLO_CharacterAnimation( "PlayAnim_Bored_01", "Bored_01", 0 ) [add fact]
0> DB_GLO_CharacterAnimation( "PlayAnim_Bored_02", "Bored_02", 0 ) [add fact]
0> DB_GLO_CharacterAnimation( "PlayAnim_Bored_03", "Bored_03", 0 ) [add fact]
0> DB_GLO_CharacterAnimation( "PlayAnim_Bow_01", "Bow_01", 0 ) [add fact]
0> DB_GLO_CharacterAnimation( "PlayAnim_Bow_02", "Bow_02", 0 ) [add fact]
0> DB_GLO_CharacterAnimation( "PlayAnim_Bow_03", "Bow_03", 0 ) [add fact]
0> DB_GLO_CharacterAnimation( "PlayAnim_Bow_04", "Bow_04", 0 ) [add fact]
0> DB_GLO_CharacterAnimation( "PlayAnim_Bow_05", "Bow_05", 0 ) [add fact]
0> DB_GLO_CharacterAnimation( "PlayAnim_Cast_Ritual_01", "Cast_Ritual_01", 0 ) [add fact]
0> DB_GLO_CharacterAnimation( "PlayAnim_Check_Neck_01", "Check_Neck_01", 0 ) [add fact]
0> DB_GLO_CharacterAnimation( "PlayAnim_Cheer_01", "Cheer_01", 0 ) [add fact]
0> DB_GLO_CharacterAnimation( "PlayAnim_Cheer_02", "Cheer_02", 0 ) [add fact]
0> DB_GLO_CharacterAnimation( "PlayAnim_Cheer_03", "Cheer_03", 0 ) [add fact]
0> DB_GLO_CharacterAnimation( "PlayAnim_Chicken_01", "Chicken_01", 0 ) [add fact]
0> DB_GLO_CharacterAnimation( "PlayAnim_Chicken_02", "Chicken_02", 0 ) [add fact]
0> DB_GLO_CharacterAnimation( "PlayAnim_Chicken_03", "Chicken_03", 0 ) [add fact]
0> DB_GLO_CharacterAnimation( "PlayAnim_Chicken_Idle_01", "Chicken_Idle_01", 0 ) [add fact]
0> DB_GLO_CharacterAnimation( "PlayAnim_Chuckle_01", "Chuckle_01", 0 ) [add fact]
0> DB_GLO_CharacterAnimation( "PlayAnim_Chuckle_02", "Chuckle_02", 0 ) [add fact]
0> DB_GLO_CharacterAnimation( "PlayAnim_Clap_01", "Clap_01", 0 ) [add fact]
0> DB_GLO_CharacterAnimation( "PlayAnim_Clap_02", "Clap_02", 0 ) [add fact]
0> DB_GLO_CharacterAnimation( "PlayAnim_Clap_03", "Clap_03", 0 ) [add fact]
0> DB_GLO_CharacterAnimation( "PlayAnim_Clap_04", "Clap_04", 0 ) [add fact]
0> DB_GLO_CharacterAnimation( "PlayAnim_Clean_Floor_01", "Clean_Floor_01", 0 ) [add fact]
0> DB_GLO_CharacterAnimation( "PlayAnim_Clean_Floor_02", "Clean_Floor_02", 0 ) [add fact]
0> DB_GLO_CharacterAnimation( "PlayAnim_Cooking_01", "Cooking_01", 0 ) [add fact]
0> DB_GLO_CharacterAnimation( "PlayAnim_Cower_01", "Cower_01", 0 ) [add fact]
0> DB_GLO_CharacterAnimation( "PlayAnim_Cower_02", "Cower_02", 0 ) [add fact]
0> DB_GLO_CharacterAnimation( "PlayAnim_Crying_01", "Crying_01", 0 ) [add fact]
0> DB_GLO_CharacterAnimation( "PlayAnim_Curtsey_01", "Curtsey_01", 0 ) [add fact]
0> DB_GLO_CharacterAnimation( "PlayAnim_Dance_01", "Dance_01", 0 ) [add fact]
0> DB_GLO_CharacterAnimation( "PlayAnim_Depressed_01", "Depressed_01", 0 ) [add fact]
0> DB_GLO_CharacterAnimation( "PlayAnim_Dust_Off_01", "Dust_Off_01", 0 ) [add fact]
0> DB_GLO_CharacterAnimation( "PlayAnim_Fidget_Book_01", "Fidget_Book_01", 0 ) [add fact]
0> DB_GLO_CharacterAnimation( "PlayAnim_Fidget_Forward_01", "Fidget_Forward_01", 0 ) [add fact]
0> DB_GLO_CharacterAnimation( "PlayAnim_Fidget_Forward_02", "Fidget_Forward_02", 0 ) [add fact]
0> DB_GLO_CharacterAnimation( "PlayAnim_Fidget_High_01", "Fidget_High_01", 0 ) [add fact]
0> DB_GLO_CharacterAnimation( "PlayAnim_Fidget_High_02", "Fidget_High_02", 0 ) [add fact]
0> DB_GLO_CharacterAnimation( "PlayAnim_Fidget_Low_01", "Fidget_Low_01", 0 ) [add fact]
0> DB_GLO_CharacterAnimation( "PlayAnim_Fidget_Low_02", "Fidget_Low_02", 0 ) [add fact]
0> DB_GLO_CharacterAnimation( "PlayAnim_Fidget_Low_03", "Fidget_Low_03", 0 ) [add fact]
0> DB_GLO_CharacterAnimation( "PlayAnim_Flex_01", "Flex_01", 0 ) [add fact]
0> DB_GLO_CharacterAnimation( "PlayAnim_Flirt_01", "Flirt_01", 0 ) [add fact]
0> DB_GLO_CharacterAnimation( "PlayAnim_Fumble_01", "Fumble_01", 0 ) [add fact]
0> DB_GLO_CharacterAnimation( "PlayAnim_Halt_01", "Halt_01", 0 ) [add fact]
0> DB_GLO_CharacterAnimation( "PlayAnim_Ignore_01", "Ignore_01", 0 ) [add fact]
0> DB_GLO_CharacterAnimation( "PlayAnim_Intimidate_01", "Intimidate_01", 0 ) [add fact]
0> DB_GLO_CharacterAnimation( "PlayAnim_Intimidate_02", "Intimidate_02", 0 ) [add fact]
0> DB_GLO_CharacterAnimation( "PlayAnim_Kneel_01", "Kneel_01", 0 ) [add fact]
0> DB_GLO_CharacterAnimation( "PlayAnim_Kneel_02", "Kneel_02", 0 ) [add fact]
0> DB_GLO_CharacterAnimation( "PlayAnim_Laugh_01", "Laugh_01", 0 ) [add fact]
0> DB_GLO_CharacterAnimation( "PlayAnim_Laugh_02", "Laugh_02", 0 ) [add fact]
0> DB_GLO_CharacterAnimation( "PlayAnim_Listen_01", "Listen_01", 0 ) [add fact]
0> DB_GLO_CharacterAnimation( "PlayAnim_LoadingCart_01", "LoadingCart_01", 0 ) [add fact]
0> DB_GLO_CharacterAnimation( "PlayAnim_Look_Down_Long_01", "Look_Down_Long_01", 0 ) [add fact]
0> DB_GLO_CharacterAnimation( "PlayAnim_Look_Down_Short_01", "Look_Down_Short_01", 0 ) [add fact]
0> DB_GLO_CharacterAnimation( "PlayAnim_Look_Left_Long_01", "Look_Left_Long_01", 0 ) [add fact]
0> DB_GLO_CharacterAnimation( "PlayAnim_Look_Left_Short_01", "Look_Left_Short_01", 0 ) [add fact]
0> DB_GLO_CharacterAnimation( "PlayAnim_Look_Right_Long_01", "Look_Right_Long_01", 0 ) [add fact]
0> DB_GLO_CharacterAnimation( "PlayAnim_Look_Right_Short_01", "Look_Right_Short_01", 0 ) [add fact]
0> DB_GLO_CharacterAnimation( "PlayAnim_Look_Up_Long_01", "Look_Up_Long_01", 0 ) [add fact]
0> DB_GLO_CharacterAnimation( "PlayAnim_Look_Up_Short_01", "Look_Up_Short_01", 0 ) [add fact]
0> DB_GLO_CharacterAnimation( "PlayAnim_Look_Up_Short_02", "Look_Up_Short_02", 0 ) [add fact]
0> DB_GLO_CharacterAnimation( "PlayAnim_Mindcontrol_01", "Mindcontrol_01", 0 ) [add fact]
0> DB_GLO_CharacterAnimation( "PlayAnim_Mine_01", "Mine_01", 0 ) [add fact]
0> DB_GLO_CharacterAnimation( "PlayAnim_No_01", "No_01", 0 ) [add fact]
0> DB_GLO_CharacterAnimation( "PlayAnim_No_02", "No_02", 0 ) [add fact]
0> DB_GLO_CharacterAnimation( "PlayAnim_No_03", "No_03", 0 ) [add fact]
0> DB_GLO_CharacterAnimation( "PlayAnim_No_04", "No_04", 0 ) [add fact]
0> DB_GLO_CharacterAnimation( "PlayAnim_No_05", "No_05", 0 ) [add fact]
0> DB_GLO_CharacterAnimation( "PlayAnim_No_06", "No_06", 0 ) [add fact]
0> DB_GLO_CharacterAnimation( "PlayAnim_Perform_01", "Perform_01", 0 ) [add fact]
0> DB_GLO_CharacterAnimation( "PlayAnim_Perform_02", "Perform_02", 0 ) [add fact]
0> DB_GLO_CharacterAnimation( "PlayAnim_Perform_03", "Perform_03", 0 ) [add fact]
0> DB_GLO_CharacterAnimation( "PlayAnim_Pickpocket_01", "Pickpocket_01", 0 ) [add fact]
0> DB_GLO_CharacterAnimation( "PlayAnim_Point_01", "Point_01", 0 ) [add fact]
0> DB_GLO_CharacterAnimation( "PlayAnim_Potion_Rub_01", "Potion_Rub_01", 0 ) [add fact]
0> DB_GLO_CharacterAnimation( "PlayAnim_Pray_01", "Pray_01", 0 ) [add fact]
0> DB_GLO_CharacterAnimation( "PlayAnim_Pst_01", "Pst_01", 0 ) [add fact]
0> DB_GLO_CharacterAnimation( "PlayAnim_Pst_02", "Pst_02", 0 ) [add fact]
0> DB_GLO_CharacterAnimation( "PlayAnim_Pst_03", "Pst_03", 0 ) [add fact]
0> DB_GLO_CharacterAnimation( "PlayAnim_Pst_04", "Pst_04", 0 ) [add fact]
0> DB_GLO_CharacterAnimation( "PlayAnim_Repair_01", "Repair_01", 0 ) [add fact]
0> DB_GLO_CharacterAnimation( "PlayAnim_Revolt_01", "Revolt_01", 0 ) [add fact]
0> DB_GLO_CharacterAnimation( "PlayAnim_Revolt_02", "Revolt_02", 0 ) [add fact]
0> DB_GLO_CharacterAnimation( "PlayAnim_Salute_01", "Salute_01", 0 ) [add fact]
0> DB_GLO_CharacterAnimation( "PlayAnim_Salute_02", "Salute_02", 0 ) [add fact]
0> DB_GLO_CharacterAnimation( "PlayAnim_Salute_03", "Salute_03", 0 ) [add fact]
0> DB_GLO_CharacterAnimation( "PlayAnim_Salute_04", "Salute_04", 0 ) [add fact]
0> DB_GLO_CharacterAnimation( "PlayAnim_Salute_05", "Salute_05", 0 ) [add fact]
0> DB_GLO_CharacterAnimation( "PlayAnim_Salute_06", "Salute_06", 0 ) [add fact]
0> DB_GLO_CharacterAnimation( "PlayAnim_Salute_07", "Salute_07", 0 ) [add fact]
0> DB_GLO_CharacterAnimation( "PlayAnim_Shout_01", "Shout_01", 0 ) [add fact]
0> DB_GLO_CharacterAnimation( "PlayAnim_Shrug_01", "Shrug_01", 0 ) [add fact]
0> DB_GLO_CharacterAnimation( "PlayAnim_Sigh_01", "Sigh_01", 0 ) [add fact]
0> DB_GLO_CharacterAnimation( "PlayAnim_Sooth_01", "Sooth_01", 0 ) [add fact]
0> DB_GLO_CharacterAnimation( "PlayAnim_Sow_02", "Sow_02", 0 ) [add fact]
0> DB_GLO_CharacterAnimation( "PlayAnim_Stand_Read_01", "Stand_Read_01", 0 ) [add fact]
0> DB_GLO_CharacterAnimation( "PlayAnim_Surprise_01", "Surprise_01", 0 ) [add fact]
0> DB_GLO_CharacterAnimation( "PlayAnim_Surprise_02", "Surprise_02", 0 ) [add fact]
0> DB_GLO_CharacterAnimation( "PlayAnim_Tapping_Beer_01", "Tapping_Beer_01", 0 ) [add fact]
0> DB_GLO_CharacterAnimation( "PlayAnim_Tapping_Beer_02", "Tapping_Beer_02", 0 ) [add fact]
0> DB_GLO_CharacterAnimation( "PlayAnim_Taunt_01", "Taunt_01", 0 ) [add fact]
0> DB_GLO_CharacterAnimation( "PlayAnim_Taunt_02", "Taunt_02", 0 ) [add fact]
0> DB_GLO_CharacterAnimation( "PlayAnim_Teleport_01", "Teleport_01", 0 ) [add fact]
0> DB_GLO_CharacterAnimation( "PlayAnim_Think_01", "Think_01", 0 ) [add fact]
0> DB_GLO_CharacterAnimation( "PlayAnim_Think_02", "Think_02", 0 ) [add fact]
0> DB_GLO_CharacterAnimation( "PlayAnim_Throw_Away_01", "Throw_Away_01", 0 ) [add fact]
0> DB_GLO_CharacterAnimation( "PlayAnim_Throw_Up_01", "Throw_Up_01", 0 ) [add fact]
0> DB_GLO_CharacterAnimation( "PlayAnim_Throw_Water_01", "Throw_Water_01", 0 ) [add fact]
0> DB_GLO_CharacterAnimation( "PlayAnim_Tired_01", "Tired_01", 0 ) [add fact]
0> DB_GLO_CharacterAnimation( "PlayAnim_Trader_01", "Trader_01", 0 ) [add fact]
0> DB_GLO_CharacterAnimation( "PlayAnim_Trader_02", "Trader_02", 0 ) [add fact]
0> DB_GLO_CharacterAnimation( "PlayAnim_Trader_03", "Trader_03", 0 ) [add fact]
0> DB_GLO_CharacterAnimation( "PlayAnim_Use_01", "Use_01", 0 ) [add fact]
0> DB_GLO_CharacterAnimation( "PlayAnim_Use_02", "Use_02", 0 ) [add fact]
0> DB_GLO_CharacterAnimation( "PlayAnim_Victory_01", "Victory_01", 0 ) [add fact]
0> DB_GLO_CharacterAnimation( "PlayAnim_Victory_02", "Victory_02", 0 ) [add fact]
0> DB_GLO_CharacterAnimation( "PlayAnim_Warm_Hands_01", "Warm_Hands_01", 0 ) [add fact]
0> DB_GLO_CharacterAnimation( "PlayAnim_Wave_01", "Wave_01", 0 ) [add fact]
0> DB_GLO_CharacterAnimation( "PlayAnim_Wave_02", "Wave_02", 0 ) [add fact]
0> DB_GLO_CharacterAnimation( "PlayAnim_Wave_03", "Wave_03", 0 ) [add fact]
0> DB_GLO_CharacterAnimation( "PlayAnim_WipeTable_01", "WipeTable_01", 0 ) [add fact]
0> DB_GLO_CharacterAnimation( "PlayAnim_Worship_01", "Worship_01", 0 ) [add fact]
0> DB_GLO_CharacterAnimation( "PlayAnim_Yawn_01", "Yawn_01", 0 ) [add fact]
0> DB_GLO_CharacterAnimation( "PlayAnim_Yes_01", "Yes_01", 0 ) [add fact]
0> DB_GLO_CharacterAnimation( "PlayAnim_Yes_02", "Yes_02", 0 ) [add fact]
0> DB_GLO_CharacterAnimation( "PlayAnim_Yes_03", "Yes_03", 0 ) [add fact]
0> DB_GLO_CharacterAnimation( "PlayAnim_Yes_04", "Yes_04", 0 ) [add fact]
0> DB_GLO_CharacterAnimation( "PlayAnim_Yes_05", "Yes_05", 0 ) [add fact]
0> DB_GLO_CharacterAnimation( "PlayAnim_Sit_Angry_01", "Sit_Angry_01", 0 ) [add fact]
0> DB_GLO_CharacterAnimation( "PlayAnim_Sit_Annoyed_01", "Sit_Annoyed_01", 0 ) [add fact]
0> DB_GLO_CharacterAnimation( "PlayAnim_Sit_Bored_01", "Sit_Bored_01", 0 ) [add fact]
0> DB_GLO_CharacterAnimation( "PlayAnim_Sit_Bored_02", "Sit_Bored_02", 0 ) [add fact]
0> DB_GLO_CharacterAnimation( "PlayAnim_Sit_Chuckle_01", "Sit_Chuckle_01", 0 ) [add fact]
0> DB_GLO_CharacterAnimation( "PlayAnim_Sit_Drink_01", "Sit_Drink_01", 0 ) [add fact]
0> DB_GLO_CharacterAnimation( "PlayAnim_Sit_Laugh_01", "Sit_Laugh_01", 0 ) [add fact]
0> DB_GLO_CharacterAnimation( "PlayAnim_Sit_Laugh_02", "Sit_Laugh_02", 0 ) [add fact]
0> DB_GLO_CharacterAnimation( "PlayAnim_Sit_Look_Left_01", "Sit_Look_Left_01", 0 ) [add fact]
0> DB_GLO_CharacterAnimation( "PlayAnim_Sit_Look_Right_01", "Sit_Look_Right_01", 0 ) [add fact]
0> DB_GLO_CharacterAnimation( "PlayAnim_Sit_No_01", "Sit_No_01", 0 ) [add fact]
0> DB_GLO_CharacterAnimation( "PlayAnim_Sit_No_02", "Sit_No_02", 0 ) [add fact]
0> DB_GLO_CharacterAnimation( "PlayAnim_Sit_Praise_01", "Sit_Praise_01", 0 ) [add fact]
0> DB_GLO_CharacterAnimation( "PlayAnim_Sit_Pray_01", "Sit_Pray_01", 0 ) [add fact]
0> DB_GLO_CharacterAnimation( "PlayAnim_Sit_Read_01", "Sit_Read_01", 0 ) [add fact]
0> DB_GLO_CharacterAnimation( "PlayAnim_Sit_Reject_01", "Sit_Reject_01", 0 ) [add fact]
0> DB_GLO_CharacterAnimation( "PlayAnim_Sit_Salute_01", "Sit_Salute_01", 0 ) [add fact]
0> DB_GLO_CharacterAnimation( "PlayAnim_Sit_Sigh_01", "Sit_Sigh_01", 0 ) [add fact]
0> DB_GLO_CharacterAnimation( "PlayAnim_Sit_Surprise_01", "Sit_Surprise_01", 0 ) [add fact]
0> DB_GLO_CharacterAnimation( "PlayAnim_Sit_Tired_01", "Sit_Tired_01", 0 ) [add fact]
0> DB_GLO_CharacterAnimation( "PlayAnim_Sit_Yes_01", "Sit_Yes_01", 0 ) [add fact]
0> DB_GLO_CharacterAnimation( "PlayAnim_Loop_BarStand_01_Loop", "BarStand_01_Loop", 1 ) [add fact]
0> DB_GLO_CharacterAnimation( "PlayAnim_Loop_Lie_Relax_01_Loop", "Lie_Relax_01_Loop", 1 ) [add fact]
0> DB_GLO_CharacterAnimation( "PlayAnim_Loop_Lie_Suffer_01_Loop", "Lie_Suffer_01_Loop", 1 ) [add fact]
0> DB_GLO_CharacterAnimation( "PlayAnim_Loop_Lie_Suffer_02_Loop", "Lie_Suffer_02_Loop", 1 ) [add fact]
0> DB_GLO_CharacterAnimation( "PlayAnim_Loop_Lie_Suffer_03_Loop", "Lie_Suffer_03_Loop", 1 ) [add fact]
0> DB_GLO_CharacterAnimation( "PlayAnim_Loop_Chained_01_Loop", "Chained_01_Loop", 1 ) [add fact]
0> DB_GLO_CharacterAnimation( "PlayAnim_Loop_Cower_03_Loop", "Cower_03_Loop", 1 ) [add fact]
0> DB_GLO_CharacterAnimation( "PlayAnim_Loop_Crucified_01_Loop", "Crucified_01_Loop", 1 ) [add fact]
0> DB_GLO_CharacterAnimation( "PlayAnim_Loop_Dig_01_Loop", "Dig_01_Loop", 1 ) [add fact]
0> DB_GLO_CharacterAnimation( "PlayAnim_Loop_Lie_Dead_01_Loop", "Lie_Dead_01_Loop", 1 ) [add fact]
0> DB_GLO_CharacterAnimation( "PlayAnim_Loop_Lie_Relax_02_Loop", "Lie_Relax_02_Loop", 1 ) [add fact]
0> DB_GLO_CharacterAnimation( "PlayAnim_Loop_Lie_Wounded_01_Loop", "Lie_Wounded_01_Loop", 1 ) [add fact]
0> DB_GLO_CharacterAnimation( "PlayAnim_Loop_Lie_Wounded_02_Loop", "Lie_Wounded_02_Loop", 1 ) [add fact]
0> DB_GLO_CharacterAnimation( "PlayAnim_Loop_Lie_Wounded_03_Loop", "Lie_Wounded_03_Loop", 1 ) [add fact]
0> DB_GLO_CharacterAnimation( "PlayAnim_Loop_Guard_01_Loop", "Guard_01_Loop", 1 ) [add fact]
0> DB_GLO_CharacterAnimation( "PlayAnim_Loop_Hung_01_Loop", "Hung_01_Loop", 1 ) [add fact]
0> DB_GLO_CharacterAnimation( "PlayAnim_Loop_Hung_02_Loop", "Hung_02_Loop", 1 ) [add fact]
0> DB_GLO_CharacterAnimation( "PlayAnim_Loop_Hung_03_Loop", "Hung_03_Loop", 1 ) [add fact]
0> DB_GLO_CharacterAnimation( "PlayAnim_Loop_Injured_01_Loop", "Injured_01_Loop", 1 ) [add fact]
0> DB_GLO_CharacterAnimation( "PlayAnim_Loop_Insane_01_Loop", "Insane_01_Loop", 1 ) [add fact]
0> DB_GLO_CharacterAnimation( "PlayAnim_Loop_Kneel_01_Loop", "Kneel_01_Loop", 1 ) [add fact]
0> DB_GLO_CharacterAnimation( "PlayAnim_Loop_Lie_Tied_Up_01_Loop", "Lie_Tied_Up_01_Loop", 1 ) [add fact]
0> DB_GLO_CharacterAnimation( "PlayAnim_Loop_Lie_Tied_Up_01_End", "Lie_Tied_Up_01_End", 1 ) [add fact]
0> DB_GLO_CharacterAnimation( "PlayAnim_Loop_Rake_01_Loop", "Rake_01_Loop", 1 ) [add fact]
0> DB_GLO_CharacterAnimation( "PlayAnim_Loop_Sing_01_Loop", "Sing_01_Loop", 1 ) [add fact]
0> DB_GLO_CharacterAnimation( "PlayAnim_Loop_Sad_01_Loop", "Sad_01_Loop", 1 ) [add fact]
0> DB_GLO_CharacterAnimation( "PlayAnim_Loop_Search_Book_01_Loop", "Search_Book_01_Loop", 1 ) [add fact]
0> DB_GLO_CharacterAnimation( "PlayAnim_Loop_Sit_Sick_01_Loop", "Sit_Sick_01_Loop", 1 ) [add fact]
0> DB_GLO_CharacterAnimation( "PlayAnim_Loop_Sit_Sleep_01_Loop", "Sit_Sleep_01_Loop", 1 ) [add fact]
0> DB_GLO_CharacterAnimation( "PlayAnim_Loop_Sit_Sleep_02_Loop", "Sit_Sleep_02_Loop", 1 ) [add fact]
0> DB_GLO_CharacterAnimation( "PlayAnim_Loop_Sit_Write_01_Loop", "Sit_Write_01_Loop", 1 ) [add fact]
0> DB_GLO_CharacterAnimation( "PlayAnim_Loop_Sow_01_Loop", "Sow_01_Loop", 1 ) [add fact]
0> DB_GLO_CharacterAnimation( "PlayAnim_Loop_Stand_Drink_01_Loop", "Stand_Drink_01_Loop", 1 ) [add fact]
0> DB_GLO_CharacterAnimation( "PlayAnim_Loop_Stand_Drink_02_Loop", "Stand_Drink_02_Loop", 1 ) [add fact]
0> DB_GLO_CharacterAnimation( "PlayAnim_Loop_Stand_Read_01_Loop", "Stand_Read_01_Loop", 1 ) [add fact]
0> DB_GLO_CharacterAnimation( "PlayAnim_Loop_Stare_01_Loop", "Stare_01_Loop", 1 ) [add fact]
0> DB_GLO_CharacterAnimation( "PlayAnim_Loop_Tied_Up_01_Loop", "Tied_Up_01_Loop", 1 ) [add fact]
0> DB_GLO_CharacterAnimation( "PlayAnim_Loop_Training_2HS_01_Loop", "Training_2HS_01_Loop", 1 ) [add fact]
0> DB_GLO_CharacterAnimation( "PlayAnim_Loop_Training_Bow_01_Loop", "Training_Bow_01_Loop", 1 ) [add fact]
0> DB_GLO_CharacterAnimation( "PlayAnim_skill_cast_throw_arc_02_cast", "skill_cast_throw_arc_02_cast" ) [add fact]

exec INIT section of goal _GLOBAL_Children (#26):

exec INIT section of goal _Global_Counter (#27):

exec INIT section of goal _GLOBAL_Effects (#28):
0> PROC_CleanUpEffects(  ) [Osiris procedure call]

0> RuleActionPart of THEN at line 13894 fires. Rule variables: 
1--> PROC_CleanUpLoopEffects(  ) [Osiris procedure call]
1--> PROC_CleanUpLoopBeamEffects(  ) [Osiris procedure call]
0> [end of rule action part]


exec INIT section of goal _Global_Homestead (#29):

exec INIT section of goal _GLOBAL_ItemEvents (#30):
0> DB_TaggedItemInitialSetup( 1 ) [add fact]

0> RuleActionPart of THEN at line 14745 fires. Rule variables: 
1--> DB_TaggedItemRecheck( 1 ) [add fact]
0> [end of rule action part]

0> DB_TaggedItemTracker( "HEALING_POTION" ) [add fact]
0> DB_TaggedItemTracker( "BODYPART" ) [add fact]
0> DB_TaggedItemTracker( "MEAT" ) [add fact]
0> DB_TaggedItemTracker( "FISH" ) [add fact]
0> DB_TaggedItemTracker( "BOOK" ) [add fact]
0> DB_TaggedItemTracker( "QUEST_ANCESTOR_TREE_BRANCH" ) [add fact]
0> DB_TaggedItemTracker( "FOOD" ) [add fact]
0> DB_TaggedItemTracker( "BONE" ) [add fact]
0> DB_TaggedItemTracker( "TOY" ) [add fact]
0> DB_TaggedItemTracker( "ALCOHOL" ) [add fact]
0> DB_TaggedItemTracker( "CHEESE" ) [add fact]
0> DB_TaggedItemTracker( "VEGETABLE" ) [add fact]
0> DB_TaggedItemTracker( "DRUDANAE" ) [add fact]
0> DB_TaggedItemInitialSetup( 1 ) [delete fact]

0> RuleActionPart of THEN at line 14751 fires. Rule variables: 
1--> DB_TaggedItemRecheck( 1 ) [delete fact]
1--> ProcCheckItemTags(  ) [Osiris procedure call]
0> [end of rule action part]

*** Multiple match ***
*** Left node:  (node 5109): (LeftParent: 5091, RightParent: 5096) AND NOT node.
*** Right node: (node 5091): DB_TaggedItemTracker( (STRING)_ ).
*** 13 tuples satisfy select desc: .
*** Multiple match End lists right node's database: ***

DBase contents of DB_TaggedItemTracker( (STRING)_ )
--------------------------------------------------
"HEALING_POTION"
"BODYPART"
"MEAT"
"FISH"
"BOOK"
"QUEST_ANCESTOR_TREE_BRANCH"
"FOOD"
"BONE"
"TOY"
"ALCOHOL"
"CHEESE"
"VEGETABLE"
"DRUDANAE"

*** Match 1: (var 0 = "HEALING_POTION")

0> RuleActionPart of THEN at line 14778 fires. Rule variables: (STRING)"HEALING_POTION"
1--> ProcCheckInventoriesForTag( (STRING)"HEALING_POTION" ) [Osiris procedure call]
0> [end of rule action part]

*** Match 2: (var 0 = "BODYPART")
0> DB_ItemEvents_TransferFlagToMoneyVarIndex( "GEN_TransferNPCPayment", 1 ) [add fact]
0> DB_ItemEvents_TransferFlagToMoneyVarIndex( "GEN_TransferNPCPayment_2", 2 ) [add fact]
0> DB_ItemEvents_TransferFlagToMoneyVarIndex( "GEN_TransferNPCPayment_3", 3 ) [add fact]
0> DB_ItemEvents_TransferFlagToMoneyVarIndex( "GEN_TransferNPCPayment_4", 4 ) [add fact]
0> DB_ItemEvents_TransferFlagToMoneyVarIndex( "GEN_TransferNPCPayment_5", 5 ) [add fact]

exec INIT section of goal _Global_JournalHelper (#31):

exec INIT section of goal _Global_Procedure (#32):

exec INIT section of goal _Global_RunUpAndChat (#33):

exec INIT section of goal _Global_SavegamePatching (#34):

exec INIT section of goal _GLOBAL_TutorialMessages (#41):
0> DB_TutorialInfo( "TUT_Book", "TUT_CAT_Inventory", "TUT_Book_Title", 0, 0, -1, 1, 3, 0 ) [add fact]
0> DB_TutorialInfo( "TUT_Camera", "TUT_CAT_Exploring", "TUT_Camera_Title", 0, 0, -1, 1, 2, 0 ) [add fact]
0> DB_TutorialInfo( "TUT_Combat", "TUT_CAT_Combat", "TUT_Combat_Title", 0, 3, -1, 1, 0, 0 ) [add fact]
0> DB_TutorialInfo( "TUT_Combat_Examine", "TUT_CAT_Combat", "TUT_Combat_Examine_Title", 0, 0, -1, 2, 0, 0 ) [add fact]
0> DB_TutorialInfo( "TUT_Combat_Guard", "TUT_CAT_Combat", "TUT_Combat_Guard_Title", 0, 2, -1, 2, 0, 0 ) [add fact]
0> DB_TutorialInfo( "TUT_Combat_TacticalView", "TUT_CAT_Combat", "TUT_Combat_TacticalView_Title", 0, 0, -1, 2, 0, 0 ) [add fact]
0> DB_TutorialInfo( "TUT_Combat_TargetCycle", "TUT_CAT_Combat", "TUT_Combat_TargetCycle_Controller_Title", 2, 0, -1, 1, 0, 0 ) [add fact]
0> DB_TutorialInfo( "TUT_Combat_TurnOrder", "TUT_CAT_Combat", "TUT_Combat_TurnOrder_Title", 0, 3, -1, 1, 0, 0 ) [add fact]
0> DB_TutorialInfo( "TUT_Died", "TUT_CAT_Combat", "TUT_Died_Title", 0, 0, -1, 1, 0, 0 ) [add fact]
0> DB_TutorialInfo( "TUT_Disarm", "TUT_CAT_Exploring", "TUT_Disarm_Title", 0, 0, -1, 3, 0, 0 ) [add fact]
0> DB_TutorialInfo( "TUT_DragIcon", "TUT_CAT_Exploring", "TUT_DragIcon_Title", 1, 0, -1, 1, 0, 0 ) [add fact]
0> DB_TutorialInfo( "TUT_Equipment", "TUT_CAT_Inventory", "TUT_Equipment_Title", 0, 0, -1, 1, 2, 0 ) [add fact]
0> DB_TutorialInfo( "TUT_Flee", "TUT_CAT_Combat", "TUT_Flee_Title", 0, 3, -1, 3, 4, 0 ) [add fact]
0> DB_TutorialInfo( "TUT_GasPit", "TUT_CAT_Exploring", "TUT_GasPit_Title", 0, 1, -1, 3, 0, 0 ) [add fact]
0> DB_TutorialInfo( "TUT_GenericBehaviors", "TUT_CAT_Exploring", "TUT_GenericBehaviors_Title", 0, 0, -1, 3, 0, 0 ) [add fact]
0> DB_TutorialInfo( "TUT_Hammer", "TUT_CAT_Inventory", "TUT_Hammer_Title", 0, 0, -1, 1, 0, 0 ) [add fact]
0> DB_TutorialInfo( "TUT_HotbarAssignment", "TUT_CAT_Inventory", "TUT_HotbarAssignment_Title", 0, 3, -1, 2, 6, 0 ) [add fact]
0> DB_TutorialInfo( "TUT_IdentifyingGlass", "TUT_CAT_Inventory", "TUT_IdentifyingGlass_Title", 0, 0, -1, 1, 0, 0 ) [add fact]
0> DB_TutorialInfo( "TUT_Inventory", "TUT_CAT_Inventory", "TUT_Inventory_Title", 0, 1, -1, 1, 2, 0 ) [add fact]
0> DB_TutorialInfo( "TUT_LevelUp", "TUT_CAT_Inventory", "TUT_LevelUp_Title", 0, 1, -1, 2, 3, 0 ) [add fact]
0> DB_TutorialInfo( "TUT_Locked", "TUT_CAT_Exploring", "TUT_Locked_Title", 0, 0, -1, 3, 0, 0 ) [add fact]
0> DB_TutorialInfo( "TUT_WoodenDoor", "TUT_CAT_Exploring", "TUT_WoodenDoor_Title", 0, 0, -1, 3, 0, 0 ) [add fact]
0> DB_TutorialInfo( "TUT_Lockpick", "TUT_CAT_Inventory", "TUT_Lockpick_Title", 0, 0, -1, 1, 0, 0 ) [add fact]
0> DB_TutorialInfo( "TUT_Mound", "TUT_CAT_Exploring", "TUT_Mound_Title", 0, 0, -1, 3, 0, 0 ) [add fact]
0> DB_TutorialInfo( "TUT_Movement", "TUT_CAT_Exploring", "TUT_Movement_Title", 0, 0, -1, 1, 0, 0 ) [add fact]
0> DB_TutorialInfo( "TUT_NoPetPal", "TUT_CAT_Social", "TUT_PetPal_Title", 0, 0, -1, 2, 0, 0 ) [add fact]
0> DB_TutorialInfo( "TUT_Perception", "TUT_CAT_Inventory", "TUT_Perception_Title", 0, 0, -1, 1, 0, 0 ) [add fact]
0> DB_TutorialInfo( "TUT_PetPal", "TUT_CAT_Social", "TUT_PetPal_Title", 0, 0, -1, 2, 0, 0 ) [add fact]
0> DB_TutorialInfo( "TUT_PolymorphDrop", "TUT_CAT_Social", "TUT_PolymorphDrop_Title", 0, 0, -1, 1, 16, 0 ) [add fact]
0> DB_TutorialInfo( "TUT_Potion", "TUT_CAT_Combat", "TUT_Potion_Title", 0, 1, -1, 2, 0, 0 ) [add fact]
0> DB_TutorialInfo( "TUT_Pyramid", "TUT_CAT_Exploring", "TUT_Pyramid_Title", 0, 0, -1, 1, 0, 0 ) [add fact]
0> DB_TutorialInfo( "TUT_Pyramid_2", "TUT_CAT_Exploring", "TUT_Pyramid_2_Title", 0, 0, -1, 1, 0, 0 ) [add fact]
0> DB_TutorialInfo( "TUT_PyramidsPickup", "TUT_CAT_Exploring", "TUT_PyramidsPickup_Title", 0, 0, -1, 1, 0, 0 ) [add fact]
0> DB_TutorialInfo( "TUT_ReflectionDialog", "TUT_CAT_Social", "TUT_ReflectionDialog_Title", 0, 0, -1, 1, 0, 0 ) [add fact]
0> DB_TutorialInfo( "TUT_SaveLoad", "TUT_CAT_General", "TUT_SaveLoad_Title", 0, 0, -1, 1, 0, 0 ) [add fact]
0> DB_TutorialInfo( "TUT_Scroll", "TUT_CAT_Combat", "TUT_Scroll_Title", 0, 0, -1, 2, 2, 0 ) [add fact]
0> DB_TutorialInfo( "TUT_SpecialArrow", "TUT_CAT_Combat", "TUT_SpecialArrow_Title", 0, 0, -1, 2, 2, 0 ) [add fact]
0> DB_TutorialInfo( "TUT_Shovel", "TUT_CAT_Exploring", "TUT_Shovel_Title", 0, 0, -1, 2, 0, 0 ) [add fact]
0> DB_TutorialInfo( "TUT_Skill", "TUT_CAT_Inventory", "TUT_Skill_Title", 0, 0, -1, 2, 2, 0 ) [add fact]
0> DB_TutorialInfo( "TUT_SkillUnlock", "TUT_CAT_Combat", "TUT_SkillUnlock_Title", 0, 0, -1, 2, 0, 0 ) [add fact]
0> DB_TutorialInfo( "TUT_Stealing", "TUT_CAT_Exploring", "TUT_Stealing_Title", 0, 0, -1, 3, 0, 0 ) [add fact]
0> DB_TutorialInfo( "TUT_Waypoint", "TUT_CAT_Exploring", "TUT_Waypoint_Title", 0, 0, -1, 2, 0, 0 ) [add fact]
0> DB_TutorialInfo( "TUT_BondedAvatar", "TUT_CAT_Social", "TUT_BondedAvatar_Title", 0, 0, -1, 1, 16, 0 ) [add fact]
0> DB_TutorialInfo( "TUT_HotbarLocked", "TUT_CAT_Combat", "TUT_HotbarLocked_Title", 0, 3, -1, 1, 0, 10 ) [add fact]
0> DB_TutorialInfo( "TUT_Tooltips", "TUT_CAT_Exploring", "TUT_Tooltips_Title", 0, 0, -1, 2, 0, 0 ) [add fact]
0> DB_TutorialInfo( "TUT_TagVillain", "TUT_CAT_Social", "TUT_TagVillain_Title", 0, 0, -1, 2, 0, 0 ) [add fact]
0> DB_TutorialInfo( "TUT_TagHero", "TUT_CAT_Social", "TUT_TagHero_Title", 0, 0, -1, 2, 0, 0 ) [add fact]
0> DB_TutorialInfo( "TUT_Waypoint", "TUT_CAT_Exploring", "TUT_Waypoint_Title", 0, 2, -1, 1, 0, 0 ) [add fact]
0> DB_TutorialInfo( "TUT_Homestead", "TUT_CAT_Exploring", "TUT_Homestead_Title", 0, 1, -1, 1, 2, 0 ) [add fact]
0> DB_TutorialInfo( "TUT_PolymorphAttribute", "TUT_CAT_General", "TUT_PolymorphAttribute_Title", 2, 1, -1, 1, 16, 0 ) [add fact]

exec INIT section of goal _GLOBAL_TutorialMessages_MovementDetection (#42):

exec INIT section of goal _Greevers_Little_Helpers (#43):
0> DB_Singleton( "InitData", 0 ) [add fact]
0> DB_GLO_AttributeCheck_Var( 1, "Name", "Attribute_Check_1_Name_080aa25a-eb82-4060-a20f-93f3f0a3ec85" ) [add fact]
0> DB_GLO_AttributeCheck_Var( 1, "Difficulty", "Attribute_Check_1_Difficulty_6645b5b8-4c17-4678-98b2-d5d718c36829" ) [add fact]
0> DB_GLO_AttributeCheck_Var( 1, "LevelOverride", "Attribute_Check_1_LevelOverride_08b97107-2d16-4ff5-a2e5-a01ed50e7135" ) [add fact]
0> DB_GLO_AttributeCheck_Var( 1, "Source", "Attribute_Check_1_Source_dd323f37-f472-4a67-9a44-5ca9f15646bb" ) [add fact]
0> DB_GLO_AttributeCheck_Var( 1, "Target", "Attribute_Check_1_Target_c46387f7-f39b-46c5-b6ec-baeccc34291a" ) [add fact]
0> DB_GLO_AttributeCheck_Var( 2, "Difficulty", "Attribute_Check_2_Difficulty_eab60140-a9e3-4579-b5fa-3cb5515c2282" ) [add fact]
0> DB_GLO_AttributeCheck_Var( 2, "LevelOverride", "Attribute_Check_2_LevelOverride_1dc16030-ece6-4677-ae14-62e7e9d1ac0e" ) [add fact]
0> DB_GLO_AttributeCheck_Var( 2, "Name", "Attribute_Check_2_Name_151dfe0f-6575-4ce2-bedc-6f157abdb36e" ) [add fact]
0> DB_GLO_AttributeCheck_Var( 2, "Source", "Attribute_Check_2_Source_c40af148-2c37-444b-a462-4387a4c6cede" ) [add fact]
0> DB_GLO_AttributeCheck_Var( 2, "Target", "Attribute_Check_2_Target_b8df81e7-d122-452b-bfaa-f9bbe87fd387" ) [add fact]
0> DB_GLO_AttributeCheck_Var( 3, "Difficulty", "Attribute_Check_3_Difficulty_ff545cea-32e3-4a9a-b005-f3a6e0f0cabd" ) [add fact]
0> DB_GLO_AttributeCheck_Var( 3, "LevelOverride", "Attribute_Check_3_LevelOverride_6e3f0bc5-636f-48ad-ad0a-642c3146302b" ) [add fact]
0> DB_GLO_AttributeCheck_Var( 3, "Name", "Attribute_Check_3_Name_8281a807-0ae5-4ada-8dc5-3b859310c1f5" ) [add fact]
0> DB_GLO_AttributeCheck_Var( 3, "Source", "Attribute_Check_3_Source_32f31478-7329-4902-bb66-a9043819102c" ) [add fact]
0> DB_GLO_AttributeCheck_Var( 3, "Target", "Attribute_Check_3_Target_65312317-50da-4cce-a6e9-725a85e7fd46" ) [add fact]

exec INIT section of goal _InitGoal (#44):

exec INIT section of goal _NPC_Stats (#45):

exec INIT section of goal _PlayerAlignments (#46):

exec INIT section of goal _Story Npcs (#50):

exec INIT section of goal _Trade (#51):
0> DB_DoubleAttitudePrice( 1, 2 ) [add fact]
0> DB_DoubleAttitudePrice( 2, 2 ) [add fact]
0> DB_DoubleAttitudePrice( 3, 3 ) [add fact]
0> DB_DoubleAttitudePrice( 4, 3 ) [add fact]
0> DB_DoubleAttitudePrice( 5, 4 ) [add fact]
0> DB_DoubleAttitudePrice( 6, 5 ) [add fact]
0> DB_DoubleAttitudePrice( 7, 6 ) [add fact]
0> DB_DoubleAttitudePrice( 8, 7 ) [add fact]
0> DB_DoubleAttitudePrice( 9, 12 ) [add fact]
0> DB_DoubleAttitudePrice( 10, 15 ) [add fact]
0> DB_DoubleAttitudePrice( 11, 20 ) [add fact]
0> DB_DoubleAttitudePrice( 12, 25 ) [add fact]
0> DB_DoubleAttitudePrice( 13, 30 ) [add fact]
0> DB_DoubleAttitudePrice( 14, 35 ) [add fact]
0> DB_DoubleAttitudePrice( 15, 40 ) [add fact]
0> DB_DoubleAttitudePrice( 16, 60 ) [add fact]
0> DB_DoubleAttitudePrice( 17, 65 ) [add fact]
0> DB_DoubleAttitudePrice( 18, 75 ) [add fact]
0> DB_DoubleAttitudePrice( 19, 85 ) [add fact]
0> DB_DoubleAttitudePrice( 20, 95 ) [add fact]
0> DB_DoubleAttitudePrice( 21, 100 ) [add fact]

exec INIT section of goal _TrapReactions (#52):
0> DB_Event2DisplayText( "HiddenPerceptionReveal", "GEN_AD_HiddenPerceptionReveal" ) [add fact]
0> DB_Event2DisplayText( "HiddenTrapReveal", "GEN_AD_HiddenTrapReveal" ) [add fact]
0> DB_Event2DisplayText( "FakePerceptionReveal", "GEN_AD_FakePerceptionReveal" ) [add fact]
0> DB_Event2DisplayText( "AmbushReveal", "GLO_AD_AmbushDetected" ) [add fact]

exec INIT section of goal Focus_PathSkills_Scripts (#54):

exec INIT section of goal GLO_BidirShovelTunnel (#57):

exec INIT section of goal GLO_Resting (#61):
0> DB_RestTemplates( "FUR_Humans_Camping_Sleepingbag_B_4d7216c9-c21e-4ab0-b98e-97d744798912", "STORY_PartyRest", 10.0, 17.0 ) [add fact]

exec INIT section of goal GLO_SavegamePatchHelpers (#62):

exec INIT section of goal QRY_Characters (#63):
0> DB_CustomDialogRange( (CHARACTERGUID)NULL_00000000-0000-0000-0000-000000000000, 10.0 ) [add fact]

exec INIT section of goal Z_Shared_Campaign_At_End (#66):

exec INIT section of goal ZZZ_LastGoal (#69):
>>> call COsiris::Event
>>> event GameEventSet("GAMEEVENT_GameStarted")

0> RuleActionPart of THEN at line 4458 fires. Rule variables: 
1--> InitStory(  ) [Osiris procedure call]

1--> RuleActionPart of THEN at line 21207 fires. Rule variables: 
2----> DB_StoryStarted( 1 ) [add fact]
2----> GoalCompleted; ("_InitGoal") (GoalID == 44)

exec EXIT section of goal "_InitGoal" (#44):
exec EXIT section of goal "_InitGoal" (#44) END

1--> [end of rule action part]

1--> GoalCompleted; ("__Start") (GoalID == 12)

exec EXIT section of goal "__Start" (#12):

exec INIT section of goal "__GLO_Shovel" (#3):
1--> DB_LizardFirstShovelUses( 0 ) [add fact]
exec INIT section of goal "__GLO_Shovel" (#3) END


exec INIT section of goal "__GLOBAL_ExplorationBonus" (#5):
exec INIT section of goal "__GLOBAL_ExplorationBonus" (#5) END


exec INIT section of goal "__OneshotDialogs" (#9):
exec INIT section of goal "__OneshotDialogs" (#9) END


exec INIT section of goal "__PROC" (#10):
1--> DB_InternalGroup_Count( 0 ) [add fact]
exec INIT section of goal "__PROC" (#10) END


exec INIT section of goal "_CRIME_CrimeBribes" (#16):
1--> DB_CrimeBribes_BaseAmountUntilLevel( 0, 50, 10, 1 ) [add fact]
1--> DB_CrimeBribes_BaseAmountUntilLevel( 0, 70, 20, 5 ) [add fact]
1--> DB_CrimeBribes_BaseAmountUntilLevel( 0, 150, 50, 9 ) [add fact]
1--> DB_CrimeBribes_BaseAmountUntilLevel( 0, 245, 65, 13 ) [add fact]
1--> DB_CrimeBribes_BaseAmountUntilLevel( 0, 410, 110, 16 ) [add fact]
1--> DB_CrimeBribes_BaseAmountUntilLevel( 0, 600, 200, 18 ) [add fact]
1--> DB_CrimeBribes_BaseAmountUntilLevel( 0, 800, 250, 20 ) [add fact]
1--> DB_CrimeBribes_BaseAmountUntilLevel( 1, 125, 25, 1 ) [add fact]
1--> DB_CrimeBribes_BaseAmountUntilLevel( 1, 175, 30, 5 ) [add fact]
1--> DB_CrimeBribes_BaseAmountUntilLevel( 1, 400, 60, 9 ) [add fact]
1--> DB_CrimeBribes_BaseAmountUntilLevel( 1, 625, 100, 13 ) [add fact]
1--> DB_CrimeBribes_BaseAmountUntilLevel( 1, 1100, 200, 16 ) [add fact]
1--> DB_CrimeBribes_BaseAmountUntilLevel( 1, 1600, 400, 18 ) [add fact]
1--> DB_CrimeBribes_BaseAmountUntilLevel( 1, 2200, 500, 20 ) [add fact]
1--> DB_CrimeBribes_SevereCrimes( "Murder" ) [add fact]
1--> DB_CrimeBribes_SevereCrimes( "SneakMurder" ) [add fact]
1--> DB_CrimeBribes_SevereCrimes( "Assault" ) [add fact]
exec INIT section of goal "_CRIME_CrimeBribes" (#16) END


exec INIT section of goal "_CRIME_CrimeTriggers" (#17):
1--> DB_CrimeWarningIsAD( "GEB_AD_Noticed_EscapedPrisonerHelpful" ) [add fact]
1--> DB_CrimeWarningIsAD( "GEB_AD_Noticed_Vandalise" ) [add fact]
1--> DB_CrimeWarningIsAD( "GEB_AD_Noticed_Sneaking" ) [add fact]
1--> DB_CrimeWarningIsAD( "GEB_AD_Noticed_Smelly" ) [add fact]
1--> DB_CrimeWarningIsAD( "GEB_AD_Noticed_Weapons" ) [add fact]
1--> DB_CrimeWarningIsAD( "GEB_AD_Noticed_AttackedAnimal" ) [add fact]
1--> DB_CrimeWarningIsAD( "GEB_AD_Noticed_KilledAnimal" ) [add fact]
1--> DB_CrimeWarningIsAD( "GEB_AD_Noticed_AnimalAttackedAnimal" ) [add fact]
1--> DB_CrimeWarningIsAD( "GEB_AD_Help_Thief" ) [add fact]
1--> DB_CrimeWarningIsAD( "GEB_AD_FTJ_Noticed_NoCollar" ) [add fact]
1--> DB_CrimeWarningIsAD( "GEB_AD_Noticed_SummonAssault" ) [add fact]
1--> DB_CrimeWarningIsAD( "GEB_AD_Noticed_SummonVandalise" ) [add fact]
1--> DB_CrimeWarningIsAD( "GEB_AD_Noticed_Summon" ) [add fact]
1--> DB_CrimeWarningIsAD( "GEB_AD_Noticed_SummonMoveItem" ) [add fact]
1--> DB_CrimeWarningIsAD( "GEB_AD_Noticed_Polymorphed" ) [add fact]
1--> DB_CrimeWarningIsAD( "GEB_Lohse_AD_Warning_SummonAssault" ) [add fact]
1--> DB_CrimeWarningIsAD( "GEB_Ifan_AD_Warning_SummonAssault" ) [add fact]
1--> DB_CrimeWarningIsAD( "GEB_Sebille_AD_Warning_SummonAssault" ) [add fact]
1--> DB_CrimeWarningIsAD( "GEB_RedPrince_AD_Warning_SummonAssault" ) [add fact]
1--> DB_CrimeWarningIsAD( "GEB_AD_NoticedDeadSilentMonk" ) [add fact]
1--> DB_CrimeWarningIsAD( "GEB_AD_Noticed_Pickpocket" ) [add fact]
1--> DB_TrespassingCrimes( "Trespassing" ) [add fact]
1--> DB_CRIME_MurderType( 0, 0, 0, "Murder" ) [add fact]
1--> DB_CRIME_MurderType( 1, 0, 0, "SneakMurder" ) [add fact]
1--> DB_CRIME_MurderType( 0, 1, 0, "KilledAnimal" ) [add fact]
1--> DB_CRIME_MurderType( 1, 1, 0, "SneakKilledAnimal" ) [add fact]
1--> DB_CRIME_MurderType( 0, 0, 1, "SummonMurder" ) [add fact]
1--> DB_CRIME_MurderType( 1, 0, 1, "SummonMurder" ) [add fact]
1--> DB_CRIME_MurderType( 0, 1, 1, "SummonKilledAnimal" ) [add fact]
1--> DB_CRIME_MurderType( 1, 1, 1, "SummonKilledAnimal" ) [add fact]
1--> DB_CRIME_ForbiddenStatus( "LYING" ) [add fact]
1--> DB_StatusReaction( "SMELLY", "Smelly" ) [add fact]
1--> DB_StatusReaction( "UNSHEATHED", "WeaponsDrawn" ) [add fact]
1--> DB_IgnoreVandaliseTag( "JUNK" ) [add fact]
1--> DB_IgnoreVandaliseTag( "IGNOREVANDALISE" ) [add fact]
1--> DB_CrimeTriggers_GeneralBribeDialog( 1, "GEB_Arrest" ) [add fact]
1--> DB_CrimeTriggers_GeneralBribeDialog( 1, "GEB_Arrest_EscapedPrison" ) [add fact]
1--> DB_CrimeTriggers_GeneralBribeDialog( 1, "GEB_Arrest_Theft" ) [add fact]
1--> DB_CrimeTriggers_GeneralBribeDialog( 1, "GEB_Arrest_Trespassing" ) [add fact]
1--> DB_CrimeTriggers_GeneralBribeDialog( 1, "GEB_Arrest_UseForbiddenItem" ) [add fact]
1--> DB_CrimeTriggers_GeneralBribeDialog( 1, "GEB_Arrest_Vandalise" ) [add fact]
1--> DB_CrimeTriggers_GeneralBribeDialog( 1, "GEB_Interrogation" ) [add fact]
1--> DB_CrimeTriggers_GeneralBribeDialog( 1, "GEB_Interrogation_Assault" ) [add fact]
1--> DB_CrimeTriggers_GeneralBribeDialog( 1, "GEB_Interrogation_Murder" ) [add fact]
1--> DB_CrimeTriggers_GeneralBribeDialog( 1, "GEB_Interrogation_PickPocketNoticed" ) [add fact]
1--> DB_CrimeTriggers_GeneralBribeDialog( 1, "GEB_Interrogation_Steal" ) [add fact]
1--> DB_CrimeTriggers_GeneralBribeDialog( 1, "GEB_Interrogation_UsedSource" ) [add fact]
1--> DB_CrimeTriggers_GeneralBribeDialog( 1, "GEB_Interrogation_Vandalise" ) [add fact]
1--> DB_CrimeTriggers_GeneralBribeDialog( 1, "GEB_Warning_PickPocketFailed_EvidenceCheck" ) [add fact]
1--> DB_CrimeTriggers_GeneralBribeDialog( 1, "GEB_Warning_Theft" ) [add fact]
1--> DB_CrimeTriggers_GeneralBribeDialog( 1, "GEB_Warning_UseForbiddenItem" ) [add fact]
1--> DB_CannotPickpocketTags( "ANIMAL" ) [add fact]
1--> DB_CannotPickpocketTags( "ELEMENTAL" ) [add fact]
1--> DB_CannotPickpocketTags( "GHOST" ) [add fact]
1--> DB_CannotPickpocketTags( "VOIDLING" ) [add fact]
1--> DB_CannotPickpocketTags( "VOIDSECT" ) [add fact]
1--> DB_CannotPickpocketTags( "VOID_SOLDIER" ) [add fact]
1--> DB_CannotPickpocketTags( "ALANBIRD" ) [add fact]
1--> DB_CannotPickpocketTags( "MOLESPITTER" ) [add fact]
1--> DB_CannotPickpocketTags( "NIGHTFANG" ) [add fact]
1--> DB_CannotPickpocketTags( "VOIDWOLF" ) [add fact]
1--> DB_CannotPickpocketTags( "FLESH_GOLEM" ) [add fact]
1--> DB_CannotPickpocketTags( "BLOCK_PICKPOCKET" ) [add fact]
1--> DB_CrimeAttitudeChange( "SourceMagic", -5 ) [add fact]
1--> DB_CrimeAttitudeChange( "Murder", -30 ) [add fact]
1--> DB_CrimeAttitudeChange( "SpiritTalk", -1 ) [add fact]
1--> DB_CrimeAttitudeChange( "Assault", -20 ) [add fact]

1--> RuleActionPart of THEN at line 10096 fires. Rule variables: (INTEGER)-20
2----> DB_CrimeAttitudeChange( "IncapacitatedAssault", (INTEGER)-20 ) [add fact]
1--> [end of rule action part]

1--> DB_CrimeAttitudeChange( "Steal", -5 ) [add fact]
1--> DB_CrimeAttitudeChange( "PickPocketFailed", -5 ) [add fact]
1--> DB_CrimeAttitudeChange( "PickPocket", -10 ) [add fact]
1--> DB_CrimeAttitudeChange( "ItemDestroy", -15 ) [add fact]
1--> DB_CrimeAttitudeChange( "Vandalise", -10 ) [add fact]
1--> DB_CrimeAttitudeChange( "VandaliseNoOwner", -5 ) [add fact]
1--> DB_CrimeAttitudeChange( "Trespassing", -5 ) [add fact]
1--> DB_CrimeAttitudeChange( "UseForbiddenItem", -5 ) [add fact]
1--> DB_CrimeAttitudeChange( "MoveForbiddenItem", -5 ) [add fact]
1--> DB_CrimeAttitudeChange( "AttackAnimal", -5 ) [add fact]
1--> DB_CrimeAttitudeChange( "TeleportPlayerDialog", -5 ) [add fact]
1--> DB_EvidenceCheckInWarning( "GEB_Warning_PickPocketFailed_EvidenceCheck" ) [add fact]
1--> DB_EvidenceCheckInWarning( "RC_WH_DijinnItem_Interrogation" ) [add fact]
1--> DB_NeutralTagIgnore( "GHOST" ) [add fact]
1--> DB_Negate( 0, 1 ) [add fact]
1--> DB_Negate( 1, 0 ) [add fact]
1--> DB_IgnoreDamageSources( "SurfaceMove" ) [add fact]
1--> DB_IgnoreDamageSources( "StatusTick" ) [add fact]
1--> DB_IgnoreDamageSources( "SurfaceStatus" ) [add fact]
1--> DB_IgnoreDamageSources( "Offhand" ) [add fact]
1--> DB_LinkedCrimes( "Assault", "SummonAssault" ) [add fact]
1--> DB_LinkedCrimes( "Assault", "IncapacitatedAssault" ) [add fact]
1--> DB_LinkedCrimes( "Murder", "KilledAnimal" ) [add fact]
1--> DB_LinkedCrimes( "Murder", "SneakKilledAnimal" ) [add fact]
1--> DB_LinkedCrimes( "Murder", "SneakMurder" ) [add fact]
1--> DB_LinkedCrimes( "Murder", "SummonMurder" ) [add fact]
1--> DB_LinkedCrimes( "Murder", "SummonKilledAnimal" ) [add fact]
1--> DB_LinkedCrimes( "MoveForbiddenItem", "SummonMoveForbiddenItem" ) [add fact]
1--> DB_CrimeWarningHostileADs( "GEB_Warning_Theft", "GEB_AD_Help_Thief" ) [add fact]
1--> DB_CrimeWarningHostileADs( "GEB_Warning_UseForbiddenItem", "GEB_AD_Help_UseForbiddenItem" ) [add fact]
1--> DB_ItemStatusAffectCharacterOnUse( "BURNING" ) [add fact]
1--> DB_ItemStatusAffectCharacterOnUse( "SHOCKED" ) [add fact]
1--> DB_CRIME_CrimeLocationScoreIncrease( 0, 0, 3, 1 ) [add fact]
1--> DB_CRIME_CrimeLocationScoreIncrease( 1, 0, 2, 1 ) [add fact]
1--> DB_CRIME_CrimeLocationScoreIncrease( 0, 1, 1, 1 ) [add fact]
1--> DB_CRIME_CrimeLocationScoreIncrease( 1, 1, 2, 1 ) [add fact]
1--> DB_CRIME_CrimeLocationScore_GoToAttackerThreshold( 9 ) [add fact]
1--> DB_CRIME_CrimeLocationScore_StartAttackingThreshold( 13 ) [add fact]
1--> DB_CRIME_Assault_HealthStartAttackingThreshold( 80.0 ) [add fact]
1--> DB_CRIME_FleeReaction( "CRIME_Flee" ) [add fact]
1--> DB_CRIME_FleeReaction( "CRIME_FleeWithAD" ) [add fact]
1--> DB_CRIME_MoveForbiddenCrime( 0, "MoveForbiddenItem" ) [add fact]
1--> DB_CRIME_MoveForbiddenCrime( 1, "SummonMoveForbiddenItem" ) [add fact]
exec INIT section of goal "_CRIME_CrimeTriggers" (#17) END


exec INIT section of goal "_Global_Autosave" (#24):
exec INIT section of goal "_Global_Autosave" (#24) END


exec INIT section of goal "_GLOBAL_Subregions" (#39):
exec INIT section of goal "_GLOBAL_Subregions" (#39) END


exec INIT section of goal "_GLOBAL_TeleporterPyramids" (#40):
exec INIT section of goal "_GLOBAL_TeleporterPyramids" (#40) END


exec INIT section of goal "_PROC_AUDIO" (#47):
1--> DB_MoveToTrigger_Materials( "STONE" ) [add fact]
1--> DB_MoveToTrigger_Materials( "WOOD" ) [add fact]
1--> DB_MoveToTrigger_Materials( "METAL" ) [add fact]
1--> DB_CameraShakeAudioEventTrigger( 800, 5001 ) [add fact]
1--> DB_DebugCameraShakerParser( "500", 500 ) [add fact]
1--> DB_DebugCameraShakerParser( "1000", 1000 ) [add fact]
1--> DB_DebugCameraShakerParser( "3000", 3000 ) [add fact]
1--> DB_DebugCameraShakerParser( "5000", 5000 ) [add fact]
1--> DB_DebugCameraShakerParser( "8000", 8000 ) [add fact]
1--> DB_DebugCameraShakerParser( "13000", 13000 ) [add fact]
1--> DB_DebugCameraShakerParser( "2", 2 ) [add fact]
1--> DB_DebugCameraShakerParser( "5", 5 ) [add fact]
1--> DB_DebugCameraShakerParser( "1", 1 ) [add fact]
1--> DB_DebugCameraShakerParser( "25", 25 ) [add fact]
1--> DB_DebugCameraShakerParser( "60", 60 ) [add fact]
exec INIT section of goal "_PROC_AUDIO" (#47) END


exec INIT section of goal "_Shroud" (#49):
exec INIT section of goal "_Shroud" (#49) END


exec INIT section of goal "_Waypoints" (#53):
exec INIT section of goal "_Waypoints" (#53) END


exec INIT section of goal "GLO_Checkpoints" (#58):
exec INIT section of goal "GLO_Checkpoints" (#58) END


exec INIT section of goal "Sandbox" (#64):
1--> DB_CheckLevelStart( "_TMPL_Sandbox" ) [add fact]
exec INIT section of goal "Sandbox" (#64) END

exec EXIT section of goal "__Start" (#12) END

0> [end of rule action part]

>>> call COsiris::Event
>>> event GameModeStarted("Campaign", 1)

0> RuleActionPart of THEN at line 4440 fires. Rule variables: (INTEGER)1
1--> GoalCompleted; ("__Shared_Campaign") (GoalID == 11)

exec EXIT section of goal "__Shared_Campaign" (#11):

exec INIT section of goal "_GLO_Homestead_PlayerChests" (#20):
exec INIT section of goal "_GLO_Homestead_PlayerChests" (#20) END


exec INIT section of goal "_GLO_Shared_Origins" (#21):
1--> DB_Origins_MaxPartySize( 4 ) [add fact]
exec INIT section of goal "_GLO_Shared_Origins" (#21) END


exec INIT section of goal "_GLO_Shared_PartyMembers" (#22):
1--> DB_Origins_MaxPartySize( 4 ) [add fact]
exec INIT section of goal "_GLO_Shared_PartyMembers" (#22) END


exec INIT section of goal "_GLOBAL_Shared_PartyDecisionDialogs" (#35):
1--> DB_PartyDecisionDialog_UltimatumEvent( "Ultimatum1", "Optional1Chosen" ) [add fact]
1--> DB_PartyDecisionDialog_UltimatumEvent( "Ultimatum2", "Optional2Chosen" ) [add fact]
1--> DB_PartyDecisionDialog_UltimatumEvent( "Ultimatum3", "Optional3Chosen" ) [add fact]
1--> DB_PartyDecisionDialog_UltimatumEvent( "Ultimatum4", "Optional4Chosen" ) [add fact]
1--> DB_PartyDecisionDialog_UltimatumEvent( "Ultimatum5", "Optional5Chosen" ) [add fact]
1--> DB_PartyDecisionDialog_PlayerIdentifier( 2, "PDD_Player2" ) [add fact]
1--> DB_PartyDecisionDialog_PlayerIdentifier( 3, "PDD_Player3" ) [add fact]
1--> DB_PartyDecisionDialog_PlayerIdentifier( 4, "PDD_Player4" ) [add fact]
1--> DB_LoopEffectDisabledInCombat( "RS3_FX_UI_Exclamation_Mark_01" ) [add fact]
exec INIT section of goal "_GLOBAL_Shared_PartyDecisionDialogs" (#35) END


exec INIT section of goal "_GLOBAL_Shared_ReflectionDialog" (#36):
1--> DB_ReflectionDialog_PlayerIdentifier( 1, "PDD_Player1" ) [add fact]
1--> DB_ReflectionDialog_PlayerIdentifier( 2, "PDD_Player2" ) [add fact]
1--> DB_ReflectionDialog_PlayerIdentifier( 3, "PDD_Player3" ) [add fact]
1--> DB_ReflectionDialog_PlayerIdentifier( 4, "PDD_Player4" ) [add fact]
exec INIT section of goal "_GLOBAL_Shared_ReflectionDialog" (#36) END


exec INIT section of goal "_GLOBAL_Shared_RelationshipDialogs" (#37):
1--> DB_LoopEffectDisabledInCombat( "RS3_FX_UI_PersonIcon_01" ) [add fact]
exec INIT section of goal "_GLOBAL_Shared_RelationshipDialogs" (#37) END


exec INIT section of goal "_GLOBAL_Shared_Shapeshifting" (#38):
1--> DB_Shapeshifting_OriginalRaces( "Undead_Dwarf", "REALLY_DWARF" ) [add fact]
1--> DB_Shapeshifting_OriginalRaces( "Undead_Human", "REALLY_HUMAN" ) [add fact]
1--> DB_Shapeshifting_OriginalRaces( "Undead_Elf", "REALLY_ELF" ) [add fact]
1--> DB_Shapeshifting_OriginalRaces( "Undead_Lizard", "REALLY_LIZARD" ) [add fact]
1--> DB_Shapeshifting_OriginalRaces( "Dwarf", "REALLY_DWARF" ) [add fact]
1--> DB_Shapeshifting_OriginalRaces( "Human", "REALLY_HUMAN" ) [add fact]
1--> DB_Shapeshifting_OriginalRaces( "Elf", "REALLY_ELF" ) [add fact]
1--> DB_Shapeshifting_OriginalRaces( "Lizard", "REALLY_LIZARD" ) [add fact]
exec INIT section of goal "_GLOBAL_Shared_Shapeshifting" (#38) END


exec INIT section of goal "GLO_Arena" (#55):
1--> DB_ArenaMaster( (CHARACTERGUID)NULL_00000000-0000-0000-0000-000000000000, "NULL", "NULL", (TRIGGERGUID)NULL_00000000-0000-0000-0000-000000000000 ) [add fact]
1--> DB_ArenaPresets_Mobs( "NULL", (CHARACTERGUID)NULL_00000000-0000-0000-0000-000000000000, (TRIGGERGUID)NULL_00000000-0000-0000-0000-000000000000 ) [add fact]
1--> DB_ArenaChampionTag( "NULL", "NULL" ) [add fact]
1--> DB_ArenaMaster_WinFlags( "NULL", "NULL", "NULL" ) [add fact]
1--> DB_ArenaPresets_Player( "NULL", "NULL", (TRIGGERGUID)NULL_00000000-0000-0000-0000-000000000000 ) [add fact]
1--> DB_Arena_DisableLastManStanding( "NULL" ) [add fact]
1--> DB_Arena_ReviveCharAfter( (CHARACTERGUID)NULL_00000000-0000-0000-0000-000000000000 ) [add fact]
1--> DB_ArenaMaster_RingGirl( (CHARACTERGUID)NULL_00000000-0000-0000-0000-000000000000, "NULL", "NULL", (TRIGGERGUID)NULL_00000000-0000-0000-0000-000000000000 ) [add fact]

1--> RuleActionPart of THEN at line 22638 fires. Rule variables: (GUIDSTRING)(CHARACTERGUID)NULL_00000000-0000-0000-0000-000000000000, (STRING)(undef value), (STRING)(undef value), (GUIDSTRING)(undef value)
2----> CharacterSetImmortal( (GUIDSTRING)(CHARACTERGUID)NULL_00000000-0000-0000-0000-000000000000, 1 ) [DIV call]
line 1: error: *** call failed! ***

2----> SetOnStage( (GUIDSTRING)(CHARACTERGUID)NULL_00000000-0000-0000-0000-000000000000, 0 ) [DIV call]
1--> [end of rule action part]

1--> DB_Arena_MobIsAlreadyInArena( (CHARACTERGUID)NULL_00000000-0000-0000-0000-000000000000 ) [add fact]
1--> DB_Arena_FightToTheDeath( "NULL" ) [add fact]
1--> DB_ArenaMaster_SetFlags( "NULL", "NULL", "NULL", (TRIGGERGUID)NULL_00000000-0000-0000-0000-000000000000 ) [add fact]
1--> DB_Arena_NonLethal( "NULL" ) [add fact]
1--> DB_VariableTranslatedString( "Arena_AvailablePlayer_1", "Arena_AvailablePlayer_1_3b7981f5-c807-44bc-b2cd-a434ba7b6b35" ) [add fact]
1--> DB_VariableTranslatedString( "Arena_AvailablePlayer_2", "Arena_AvailablePlayer_2_f3cb5f2b-c0ca-4b36-b671-dd64d481f45d" ) [add fact]
1--> DB_VariableTranslatedString( "Arena_AvailablePlayer_3", "Arena_AvailablePlayer_3_ed640a14-91d4-472d-b92b-b042b8011fde" ) [add fact]
1--> DB_VariableTranslatedString( "Arena_AvailablePlayer_4", "Arena_AvailablePlayer_4_3f666e1e-7f5e-43e8-8c02-3c61966147d3" ) [add fact]
exec INIT section of goal "GLO_Arena" (#55) END


exec INIT section of goal "GLO_Arena_LMS" (#56):
1--> DB_LastManStandingTeamList( "PVP_1" ) [add fact]
1--> DB_LastManStandingTeamList( "PVP_2" ) [add fact]
1--> DB_LastManStandingTeamList( "PVP_3" ) [add fact]
1--> DB_LastManStandingTeamList( "PVP_4" ) [add fact]
exec INIT section of goal "GLO_Arena_LMS" (#56) END


exec INIT section of goal "GLO_Follower" (#59):
1--> DB_AllFollowersIgnoreRegion( "LV_HoE_Main" ) [add fact]
exec INIT section of goal "GLO_Follower" (#59) END


exec INIT section of goal "GLO_PartyPresets" (#60):
exec INIT section of goal "GLO_PartyPresets" (#60) END


exec INIT section of goal "Shared_CombatDialogs" (#65):
exec INIT section of goal "Shared_CombatDialogs" (#65) END

exec EXIT section of goal "__Shared_Campaign" (#11) END

0> [end of rule action part]


0> RuleActionPart of THEN at line 25652 fires. Rule variables: (INTEGER)1
1--> GoalCompleted; ("Z_Shared_Campaign_At_End") (GoalID == 66)

exec EXIT section of goal "Z_Shared_Campaign_At_End" (#66):

exec INIT section of goal "Z_Shared_CharacterCreation" (#67):
1--> PROC_Shared_CharacterCreation_Init(  ) [Osiris procedure call]

1--> RuleActionPart of THEN at line 25710 fires. Rule variables: (GUIDSTRING)(undef value)
2----> DB_CharacterCreationDummy( (CHARACTERGUID)S_GLO_CharacterCreationDummy_001_da072fe7-fdd5-42ae-9139-8bd4b9fca406 ) [add fact]

2----> RuleActionPart of THEN at line 14208 fires. Rule variables: (GUIDSTRING)(CHARACTERGUID)S_GLO_CharacterCreationDummy_001_da072fe7-fdd5-42ae-9139-8bd4b9fca406
3------> DB_IgnoreReservedChanged( (GUIDSTRING)(CHARACTERGUID)S_GLO_CharacterCreationDummy_001_da072fe7-fdd5-42ae-9139-8bd4b9fca406 ) [add fact]
2----> [end of rule action part]

2----> DB_CharacterCreationDummy( (CHARACTERGUID)S_GLO_CharacterCreationDummy_002_361dacdc-4135-4d3f-a9a2-3cad46ca246a ) [add fact]

2----> RuleActionPart of THEN at line 14208 fires. Rule variables: (GUIDSTRING)(CHARACTERGUID)S_GLO_CharacterCreationDummy_002_361dacdc-4135-4d3f-a9a2-3cad46ca246a
3------> DB_IgnoreReservedChanged( (GUIDSTRING)(CHARACTERGUID)S_GLO_CharacterCreationDummy_002_361dacdc-4135-4d3f-a9a2-3cad46ca246a ) [add fact]
2----> [end of rule action part]

2----> DB_CharacterCreationDummy( (CHARACTERGUID)S_GLO_CharacterCreationDummy_003_dded8c22-b28e-45c1-a074-eb0954602c8a ) [add fact]

2----> RuleActionPart of THEN at line 14208 fires. Rule variables: (GUIDSTRING)(CHARACTERGUID)S_GLO_CharacterCreationDummy_003_dded8c22-b28e-45c1-a074-eb0954602c8a
3------> DB_IgnoreReservedChanged( (GUIDSTRING)(CHARACTERGUID)S_GLO_CharacterCreationDummy_003_dded8c22-b28e-45c1-a074-eb0954602c8a ) [add fact]
2----> [end of rule action part]

2----> DB_CharacterCreationDummy( (CHARACTERGUID)S_GLO_CharacterCreationDummy_004_5f93cae7-6c10-4da1-b9a5-0efafc168c8e ) [add fact]

2----> RuleActionPart of THEN at line 14208 fires. Rule variables: (GUIDSTRING)(CHARACTERGUID)S_GLO_CharacterCreationDummy_004_5f93cae7-6c10-4da1-b9a5-0efafc168c8e
3------> DB_IgnoreReservedChanged( (GUIDSTRING)(CHARACTERGUID)S_GLO_CharacterCreationDummy_004_5f93cae7-6c10-4da1-b9a5-0efafc168c8e ) [add fact]
2----> [end of rule action part]

1--> [end of rule action part]


1--> RuleActionPart of THEN at line 25719 fires. Rule variables: (GUIDSTRING)(undef value)
2----> DB_GenericOrigins( (CHARACTERGUID)S_Player_GenericOrigin_7b6c1f26-fe4e-40bd-a5d0-e6ff58cef4fe ) [add fact]
2----> DB_GenericOrigins( (CHARACTERGUID)S_Player_GenericOrigin2_c451954c-73bf-46ce-a1d1-caa9bbdc3cfd ) [add fact]
2----> DB_GenericOrigins( (CHARACTERGUID)S_Player_GenericOrigin3_41a06985-7851-4c29-8a78-398ccb313f39 ) [add fact]
2----> DB_GenericOrigins( (CHARACTERGUID)S_Player_GenericOrigin4_41a594ed-b768-4289-9f17-59f701cc6910 ) [add fact]
2----> DB_OriginNPCAlignment( (CHARACTERGUID)S_Player_GenericOrigin_7b6c1f26-fe4e-40bd-a5d0-e6ff58cef4fe, "Generic_Companions_1" ) [add fact]

2----> RuleActionPart of THEN at line 11199 fires. Rule variables: (GUIDSTRING)(CHARACTERGUID)S_Player_GenericOrigin_7b6c1f26-fe4e-40bd-a5d0-e6ff58cef4fe, (STRING)"Generic_Companions_1"
3------> DB_GLO_PartyMembers_OriginalAlignment( (GUIDSTRING)(CHARACTERGUID)S_Player_GenericOrigin_7b6c1f26-fe4e-40bd-a5d0-e6ff58cef4fe, (STRING)"Generic_Companions_1" ) [add fact]
2----> [end of rule action part]

2----> DB_OriginNPCAlignment( (CHARACTERGUID)S_Player_GenericOrigin2_c451954c-73bf-46ce-a1d1-caa9bbdc3cfd, "Generic_Companions_2" ) [add fact]

2----> RuleActionPart of THEN at line 11199 fires. Rule variables: (GUIDSTRING)(CHARACTERGUID)S_Player_GenericOrigin2_c451954c-73bf-46ce-a1d1-caa9bbdc3cfd, (STRING)"Generic_Companions_2"
3------> DB_GLO_PartyMembers_OriginalAlignment( (GUIDSTRING)(CHARACTERGUID)S_Player_GenericOrigin2_c451954c-73bf-46ce-a1d1-caa9bbdc3cfd, (STRING)"Generic_Companions_2" ) [add fact]
2----> [end of rule action part]

2----> DB_OriginNPCAlignment( (CHARACTERGUID)S_Player_GenericOrigin3_41a06985-7851-4c29-8a78-398ccb313f39, "Generic_Companions_3" ) [add fact]

2----> RuleActionPart of THEN at line 11199 fires. Rule variables: (GUIDSTRING)(CHARACTERGUID)S_Player_GenericOrigin3_41a06985-7851-4c29-8a78-398ccb313f39, (STRING)"Generic_Companions_3"
3------> DB_GLO_PartyMembers_OriginalAlignment( (GUIDSTRING)(CHARACTERGUID)S_Player_GenericOrigin3_41a06985-7851-4c29-8a78-398ccb313f39, (STRING)"Generic_Companions_3" ) [add fact]
2----> [end of rule action part]

2----> DB_OriginNPCAlignment( (CHARACTERGUID)S_Player_GenericOrigin4_41a594ed-b768-4289-9f17-59f701cc6910, "Generic_Companions_4" ) [add fact]

2----> RuleActionPart of THEN at line 11199 fires. Rule variables: (GUIDSTRING)(CHARACTERGUID)S_Player_GenericOrigin4_41a594ed-b768-4289-9f17-59f701cc6910, (STRING)"Generic_Companions_4"
3------> DB_GLO_PartyMembers_OriginalAlignment( (GUIDSTRING)(CHARACTERGUID)S_Player_GenericOrigin4_41a594ed-b768-4289-9f17-59f701cc6910, (STRING)"Generic_Companions_4" ) [add fact]
2----> [end of rule action part]

1--> [end of rule action part]

*** Multiple match ***
*** Left node:  (node 8992): (LeftParent: 8987, RightParent: 8794) AND node.
*** Right node: (node 8794): DB_GenericOrigins( (CHARACTERGUID)_ ).
*** 4 tuples satisfy select desc: .
*** Multiple match End lists right node's database: ***

DBase contents of DB_GenericOrigins( (CHARACTERGUID)_ )
------------------------------------------------------
(CHARACTERGUID)S_Player_GenericOrigin_7b6c1f26-fe4e-40bd-a5d0-e6ff58cef4fe
(CHARACTERGUID)S_Player_GenericOrigin2_c451954c-73bf-46ce-a1d1-caa9bbdc3cfd
(CHARACTERGUID)S_Player_GenericOrigin3_41a06985-7851-4c29-8a78-398ccb313f39
(CHARACTERGUID)S_Player_GenericOrigin4_41a594ed-b768-4289-9f17-59f701cc6910

*** Match 1: (var 0 = (CHARACTERGUID)S_Player_GenericOrigin_7b6c1f26-fe4e-40bd-a5d0-e6ff58cef4fe)

1--> RuleActionPart of THEN at line 25732 fires. Rule variables: (GUIDSTRING)(CHARACTERGUID)S_Player_GenericOrigin_7b6c1f26-fe4e-40bd-a5d0-e6ff58cef4fe
2----> SetTag( (GUIDSTRING)(CHARACTERGUID)S_Player_GenericOrigin_7b6c1f26-fe4e-40bd-a5d0-e6ff58cef4fe, "GENERIC" ) [DIV call]
2----> SetTag( (GUIDSTRING)(CHARACTERGUID)S_Player_GenericOrigin_7b6c1f26-fe4e-40bd-a5d0-e6ff58cef4fe, "REALLY_GENERIC" ) [DIV call]
1--> [end of rule action part]

*** Match 2: (var 0 = (CHARACTERGUID)S_Player_GenericOrigin2_c451954c-73bf-46ce-a1d1-caa9bbdc3cfd)

1--> RuleActionPart of THEN at line 25732 fires. Rule variables: (GUIDSTRING)(CHARACTERGUID)S_Player_GenericOrigin2_c451954c-73bf-46ce-a1d1-caa9bbdc3cfd
2----> SetTag( (GUIDSTRING)(CHARACTERGUID)S_Player_GenericOrigin2_c451954c-73bf-46ce-a1d1-caa9bbdc3cfd, "GENERIC" ) [DIV call]
2----> SetTag( (GUIDSTRING)(CHARACTERGUID)S_Player_GenericOrigin2_c451954c-73bf-46ce-a1d1-caa9bbdc3cfd, "REALLY_GENERIC" ) [DIV call]
1--> [end of rule action part]

*** Match 3: (var 0 = (CHARACTERGUID)S_Player_GenericOrigin3_41a06985-7851-4c29-8a78-398ccb313f39)

1--> RuleActionPart of THEN at line 25732 fires. Rule variables: (GUIDSTRING)(CHARACTERGUID)S_Player_GenericOrigin3_41a06985-7851-4c29-8a78-398ccb313f39
2----> SetTag( (GUIDSTRING)(CHARACTERGUID)S_Player_GenericOrigin3_41a06985-7851-4c29-8a78-398ccb313f39, "GENERIC" ) [DIV call]
2----> SetTag( (GUIDSTRING)(CHARACTERGUID)S_Player_GenericOrigin3_41a06985-7851-4c29-8a78-398ccb313f39, "REALLY_GENERIC" ) [DIV call]
1--> [end of rule action part]

*** Match 4: (var 0 = (CHARACTERGUID)S_Player_GenericOrigin4_41a594ed-b768-4289-9f17-59f701cc6910)

1--> RuleActionPart of THEN at line 25732 fires. Rule variables: (GUIDSTRING)(CHARACTERGUID)S_Player_GenericOrigin4_41a594ed-b768-4289-9f17-59f701cc6910
2----> SetTag( (GUIDSTRING)(CHARACTERGUID)S_Player_GenericOrigin4_41a594ed-b768-4289-9f17-59f701cc6910, "GENERIC" ) [DIV call]
2----> SetTag( (GUIDSTRING)(CHARACTERGUID)S_Player_GenericOrigin4_41a594ed-b768-4289-9f17-59f701cc6910, "REALLY_GENERIC" ) [DIV call]
1--> [end of rule action part]

exec INIT section of goal "Z_Shared_CharacterCreation" (#67) END


exec INIT section of goal "Z_Shared_CharacterCreation_AfterEvents" (#68):
exec INIT section of goal "Z_Shared_CharacterCreation_AfterEvents" (#68) END

exec EXIT section of goal "Z_Shared_Campaign_At_End" (#66) END

1--> PROC_Z_Shared_GameModeStarted( "Campaign", (INTEGER)1 ) [Osiris procedure call]

1--> RuleActionPart of THEN at line 26143 fires. Rule variables: 
2----> DB_InCharacterCreation( 0 ) [add fact]
*** Multiple match ***
*** Left node:  (node 9148): (LeftParent: 6244, RightParent: 4874) AND node.
*** Right node: (node 4874): DB_CharacterCreationDummy( (CHARACTERGUID)_ ).
*** 4 tuples satisfy select desc: .
*** Multiple match End lists right node's database: ***

DBase contents of DB_CharacterCreationDummy( (CHARACTERGUID)_ )
--------------------------------------------------------------
(CHARACTERGUID)S_GLO_CharacterCreationDummy_001_da072fe7-fdd5-42ae-9139-8bd4b9fca406
(CHARACTERGUID)S_GLO_CharacterCreationDummy_002_361dacdc-4135-4d3f-a9a2-3cad46ca246a
(CHARACTERGUID)S_GLO_CharacterCreationDummy_003_dded8c22-b28e-45c1-a074-eb0954602c8a
(CHARACTERGUID)S_GLO_CharacterCreationDummy_004_5f93cae7-6c10-4da1-b9a5-0efafc168c8e

*** Match 1: (var 0 = (CHARACTERGUID)S_GLO_CharacterCreationDummy_001_da072fe7-fdd5-42ae-9139-8bd4b9fca406)
*** Match 2: (var 0 = (CHARACTERGUID)S_GLO_CharacterCreationDummy_002_361dacdc-4135-4d3f-a9a2-3cad46ca246a)
*** Match 3: (var 0 = (CHARACTERGUID)S_GLO_CharacterCreationDummy_003_dded8c22-b28e-45c1-a074-eb0954602c8a)
*** Match 4: (var 0 = (CHARACTERGUID)S_GLO_CharacterCreationDummy_004_5f93cae7-6c10-4da1-b9a5-0efafc168c8e)
1--> [end of rule action part]

0> [end of rule action part]

>>> call COsiris::Event
>>> event DifficultyChanged(3)

0> RuleActionPart of THEN at line 18685 fires. Rule variables: (INTEGER)3
1--> DB_TUT_PlayOnEasy( 1 ) [delete fact]
0> [end of rule action part]

>>> call COsiris::Event
event CharacterEnteredRegion/2 ignored (no rules defined using it)
>>> call COsiris::Event
>>> event ItemAddedToCharacter((ITEMGUID)WPN_Humans_DivineOrder_Shield_A_cfccdb62-6675-4160-9a8e-a278813a6696, (CHARACTERGUID)Humans_Female_Silentmonk_A_000__000_1611266b-eb4b-8cd3-2446-4ee8cdda6115)
exec [DIV query] ObjectExists( (GUIDSTRING)(ITEMGUID)WPN_Humans_DivineOrder_Shield_A_cfccdb62-6675-4160-9a8e-a278813a6696, [out] (INTEGER)1 )
     Query returns: ObjectExists( (ITEMGUID)WPN_Humans_DivineOrder_Shield_A_cfccdb62-6675-4160-9a8e-a278813a6696, 1 )
*** Multiple match ***
*** Left node:  (node 5092): (LeftParent: 5090, RightParent: 5091) AND node.
*** Right node: (node 5091): DB_TaggedItemTracker( (STRING)_ ).
*** 13 tuples satisfy select desc: .
*** Multiple match End lists right node's database: ***

DBase contents of DB_TaggedItemTracker( (STRING)_ )
--------------------------------------------------
"HEALING_POTION"
"BODYPART"
"MEAT"
"FISH"
"BOOK"
"QUEST_ANCESTOR_TREE_BRANCH"
"FOOD"
"BONE"
"TOY"
"ALCOHOL"
"CHEESE"
"VEGETABLE"
"DRUDANAE"

*** Match 1: (var 0 = (ITEMGUID)WPN_Humans_DivineOrder_Shield_A_cfccdb62-6675-4160-9a8e-a278813a6696), (var 1 = (CHARACTERGUID)Humans_Female_Silentmonk_A_000__000_1611266b-eb4b-8cd3-2446-4ee8cdda6115), (var 2 = "HEALING_POTION")
exec [DIV query] IsTagged( (GUIDSTRING)(ITEMGUID)WPN_Humans_DivineOrder_Shield_A_cfccdb62-6675-4160-9a8e-a278813a6696, (STRING)"HEALING_POTION", [out] (INTEGER)1 )
     Query returns: IsTagged( (ITEMGUID)WPN_Humans_DivineOrder_Shield_A_cfccdb62-6675-4160-9a8e-a278813a6696, "HEALING_POTION", 0 )
*** Match 2: (var 0 = (ITEMGUID)WPN_Humans_DivineOrder_Shield_A_cfccdb62-6675-4160-9a8e-a278813a6696), (var 1 = (CHARACTERGUID)Humans_Female_Silentmonk_A_000__000_1611266b-eb4b-8cd3-2446-4ee8cdda6115), (var 2 = "BODYPART")
exec [DIV query] IsTagged( (GUIDSTRING)(ITEMGUID)WPN_Humans_DivineOrder_Shield_A_cfccdb62-6675-4160-9a8e-a278813a6696, (STRING)"BODYPART", [out] (INTEGER)1 )
     Query returns: IsTagged( (ITEMGUID)WPN_Humans_DivineOrder_Shield_A_cfccdb62-6675-4160-9a8e-a278813a6696, "BODYPART", 0 )
*** Match 3: (var 0 = (ITEMGUID)WPN_Humans_DivineOrder_Shield_A_cfccdb62-6675-4160-9a8e-a278813a6696), (var 1 = (CHARACTERGUID)Humans_Female_Silentmonk_A_000__000_1611266b-eb4b-8cd3-2446-4ee8cdda6115), (var 2 = "MEAT")
exec [DIV query] IsTagged( (GUIDSTRING)(ITEMGUID)WPN_Humans_DivineOrder_Shield_A_cfccdb62-6675-4160-9a8e-a278813a6696, (STRING)"MEAT", [out] (INTEGER)1 )
     Query returns: IsTagged( (ITEMGUID)WPN_Humans_DivineOrder_Shield_A_cfccdb62-6675-4160-9a8e-a278813a6696, "MEAT", 0 )
*** Match 4: (var 0 = (ITEMGUID)WPN_Humans_DivineOrder_Shield_A_cfccdb62-6675-4160-9a8e-a278813a6696), (var 1 = (CHARACTERGUID)Humans_Female_Silentmonk_A_000__000_1611266b-eb4b-8cd3-2446-4ee8cdda6115), (var 2 = "FISH")
exec [DIV query] IsTagged( (GUIDSTRING)(ITEMGUID)WPN_Humans_DivineOrder_Shield_A_cfccdb62-6675-4160-9a8e-a278813a6696, (STRING)"FISH", [out] (INTEGER)1 )
     Query returns: IsTagged( (ITEMGUID)WPN_Humans_DivineOrder_Shield_A_cfccdb62-6675-4160-9a8e-a278813a6696, "FISH", 0 )
*** Match 5: (var 0 = (ITEMGUID)WPN_Humans_DivineOrder_Shield_A_cfccdb62-6675-4160-9a8e-a278813a6696), (var 1 = (CHARACTERGUID)Humans_Female_Silentmonk_A_000__000_1611266b-eb4b-8cd3-2446-4ee8cdda6115), (var 2 = "BOOK")
exec [DIV query] IsTagged( (GUIDSTRING)(ITEMGUID)WPN_Humans_DivineOrder_Shield_A_cfccdb62-6675-4160-9a8e-a278813a6696, (STRING)"BOOK", [out] (INTEGER)1 )
     Query returns: IsTagged( (ITEMGUID)WPN_Humans_DivineOrder_Shield_A_cfccdb62-6675-4160-9a8e-a278813a6696, "BOOK", 0 )
*** Match 6: (var 0 = (ITEMGUID)WPN_Humans_DivineOrder_Shield_A_cfccdb62-6675-4160-9a8e-a278813a6696), (var 1 = (CHARACTERGUID)Humans_Female_Silentmonk_A_000__000_1611266b-eb4b-8cd3-2446-4ee8cdda6115), (var 2 = "QUEST_ANCESTOR_TREE_BRANCH")
exec [DIV query] IsTagged( (GUIDSTRING)(ITEMGUID)WPN_Humans_DivineOrder_Shield_A_cfccdb62-6675-4160-9a8e-a278813a6696, (STRING)"QUEST_ANCESTOR_TREE_BRANCH", [out] (INTEGER)1 )
     Query returns: IsTagged( (ITEMGUID)WPN_Humans_DivineOrder_Shield_A_cfccdb62-6675-4160-9a8e-a278813a6696, "QUEST_ANCESTOR_TREE_BRANCH", 0 )
*** Match 7: (var 0 = (ITEMGUID)WPN_Humans_DivineOrder_Shield_A_cfccdb62-6675-4160-9a8e-a278813a6696), (var 1 = (CHARACTERGUID)Humans_Female_Silentmonk_A_000__000_1611266b-eb4b-8cd3-2446-4ee8cdda6115), (var 2 = "FOOD")
exec [DIV query] IsTagged( (GUIDSTRING)(ITEMGUID)WPN_Humans_DivineOrder_Shield_A_cfccdb62-6675-4160-9a8e-a278813a6696, (STRING)"FOOD", [out] (INTEGER)1 )
     Query returns: IsTagged( (ITEMGUID)WPN_Humans_DivineOrder_Shield_A_cfccdb62-6675-4160-9a8e-a278813a6696, "FOOD", 0 )
*** Match 8: (var 0 = (ITEMGUID)WPN_Humans_DivineOrder_Shield_A_cfccdb62-6675-4160-9a8e-a278813a6696), (var 1 = (CHARACTERGUID)Humans_Female_Silentmonk_A_000__000_1611266b-eb4b-8cd3-2446-4ee8cdda6115), (var 2 = "BONE")
exec [DIV query] IsTagged( (GUIDSTRING)(ITEMGUID)WPN_Humans_DivineOrder_Shield_A_cfccdb62-6675-4160-9a8e-a278813a6696, (STRING)"BONE", [out] (INTEGER)1 )
     Query returns: IsTagged( (ITEMGUID)WPN_Humans_DivineOrder_Shield_A_cfccdb62-6675-4160-9a8e-a278813a6696, "BONE", 0 )
*** Match 9: (var 0 = (ITEMGUID)WPN_Humans_DivineOrder_Shield_A_cfccdb62-6675-4160-9a8e-a278813a6696), (var 1 = (CHARACTERGUID)Humans_Female_Silentmonk_A_000__000_1611266b-eb4b-8cd3-2446-4ee8cdda6115), (var 2 = "TOY")
exec [DIV query] IsTagged( (GUIDSTRING)(ITEMGUID)WPN_Humans_DivineOrder_Shield_A_cfccdb62-6675-4160-9a8e-a278813a6696, (STRING)"TOY", [out] (INTEGER)1 )
     Query returns: IsTagged( (ITEMGUID)WPN_Humans_DivineOrder_Shield_A_cfccdb62-6675-4160-9a8e-a278813a6696, "TOY", 0 )
*** Match 10: (var 0 = (ITEMGUID)WPN_Humans_DivineOrder_Shield_A_cfccdb62-6675-4160-9a8e-a278813a6696), (var 1 = (CHARACTERGUID)Humans_Female_Silentmonk_A_000__000_1611266b-eb4b-8cd3-2446-4ee8cdda6115), (var 2 = "ALCOHOL")
exec [DIV query] IsTagged( (GUIDSTRING)(ITEMGUID)WPN_Humans_DivineOrder_Shield_A_cfccdb62-6675-4160-9a8e-a278813a6696, (STRING)"ALCOHOL", [out] (INTEGER)1 )
     Query returns: IsTagged( (ITEMGUID)WPN_Humans_DivineOrder_Shield_A_cfccdb62-6675-4160-9a8e-a278813a6696, "ALCOHOL", 0 )
*** Match 11: (var 0 = (ITEMGUID)WPN_Humans_DivineOrder_Shield_A_cfccdb62-6675-4160-9a8e-a278813a6696), (var 1 = (CHARACTERGUID)Humans_Female_Silentmonk_A_000__000_1611266b-eb4b-8cd3-2446-4ee8cdda6115), (var 2 = "CHEESE")
exec [DIV query] IsTagged( (GUIDSTRING)(ITEMGUID)WPN_Humans_DivineOrder_Shield_A_cfccdb62-6675-4160-9a8e-a278813a6696, (STRING)"CHEESE", [out] (INTEGER)1 )
     Query returns: IsTagged( (ITEMGUID)WPN_Humans_DivineOrder_Shield_A_cfccdb62-6675-4160-9a8e-a278813a6696, "CHEESE", 0 )
*** Match 12: (var 0 = (ITEMGUID)WPN_Humans_DivineOrder_Shield_A_cfccdb62-6675-4160-9a8e-a278813a6696), (var 1 = (CHARACTERGUID)Humans_Female_Silentmonk_A_000__000_1611266b-eb4b-8cd3-2446-4ee8cdda6115), (var 2 = "VEGETABLE")
exec [DIV query] IsTagged( (GUIDSTRING)(ITEMGUID)WPN_Humans_DivineOrder_Shield_A_cfccdb62-6675-4160-9a8e-a278813a6696, (STRING)"VEGETABLE", [out] (INTEGER)1 )
     Query returns: IsTagged( (ITEMGUID)WPN_Humans_DivineOrder_Shield_A_cfccdb62-6675-4160-9a8e-a278813a6696, "VEGETABLE", 0 )
*** Match 13: (var 0 = (ITEMGUID)WPN_Humans_DivineOrder_Shield_A_cfccdb62-6675-4160-9a8e-a278813a6696), (var 1 = (CHARACTERGUID)Humans_Female_Silentmonk_A_000__000_1611266b-eb4b-8cd3-2446-4ee8cdda6115), (var 2 = "DRUDANAE")
exec [DIV query] IsTagged( (GUIDSTRING)(ITEMGUID)WPN_Humans_DivineOrder_Shield_A_cfccdb62-6675-4160-9a8e-a278813a6696, (STRING)"DRUDANAE", [out] (INTEGER)1 )
     Query returns: IsTagged( (ITEMGUID)WPN_Humans_DivineOrder_Shield_A_cfccdb62-6675-4160-9a8e-a278813a6696, "DRUDANAE", 0 )
>>> call COsiris::Event
>>> event ItemTemplateAddedToCharacter(WPN_Humans_DivineOrder_Shield_A_e6d6c9f4-8435-4f87-9066-3994b313ac77, (ITEMGUID)WPN_Humans_DivineOrder_Shield_A_cfccdb62-6675-4160-9a8e-a278813a6696, (CHARACTERGUID)Humans_Female_Silentmonk_A_000__000_1611266b-eb4b-8cd3-2446-4ee8cdda6115)
exec [DIV query] String( (GUIDSTRING)WPN_Humans_DivineOrder_Shield_A_e6d6c9f4-8435-4f87-9066-3994b313ac77, [out] (STRING)(undef value) )
     Query returns: String( WPN_Humans_DivineOrder_Shield_A_e6d6c9f4-8435-4f87-9066-3994b313ac77, "WPN_Humans_DivineOrder_Shield_A_e6d6c9f4-8435-4f87-9066-3994b313ac77" )
>>> call COsiris::Event
>>> event SkillAdded((CHARACTERGUID)Humans_Female_Silentmonk_A_000__000_1611266b-eb4b-8cd3-2446-4ee8cdda6115, "Shout_RecoverArmour", 0)
>>> call COsiris::Event
>>> event ItemEquipped((ITEMGUID)WPN_Humans_DivineOrder_Shield_A_cfccdb62-6675-4160-9a8e-a278813a6696, (CHARACTERGUID)Humans_Female_Silentmonk_A_000__000_1611266b-eb4b-8cd3-2446-4ee8cdda6115)
>>> call COsiris::Event
>>> event ItemTemplateEquipped("WPN_Humans_DivineOrder_Shield_A_e6d6c9f4-8435-4f87-9066-3994b313ac77", (CHARACTERGUID)Humans_Female_Silentmonk_A_000__000_1611266b-eb4b-8cd3-2446-4ee8cdda6115)
>>> call COsiris::Event
>>> event ItemAddedToCharacter((ITEMGUID)WPN_Humans_Sword_1H_A_704e3337-c26f-4af2-acc8-8041c993b9c4, (CHARACTERGUID)Humans_Female_Silentmonk_A_000__000_1611266b-eb4b-8cd3-2446-4ee8cdda6115)
exec [DIV query] ObjectExists( (GUIDSTRING)(ITEMGUID)WPN_Humans_Sword_1H_A_704e3337-c26f-4af2-acc8-8041c993b9c4, [out] (INTEGER)1 )
     Query returns: ObjectExists( (ITEMGUID)WPN_Humans_Sword_1H_A_704e3337-c26f-4af2-acc8-8041c993b9c4, 1 )
*** Multiple match ***
*** Left node:  (node 5092): (LeftParent: 5090, RightParent: 5091) AND node.
*** Right node: (node 5091): DB_TaggedItemTracker( (STRING)_ ).
*** 13 tuples satisfy select desc: .
*** Multiple match End lists right node's database: ***

DBase contents of DB_TaggedItemTracker( (STRING)_ )
--------------------------------------------------
"HEALING_POTION"
"BODYPART"
"MEAT"
"FISH"
"BOOK"
"QUEST_ANCESTOR_TREE_BRANCH"
"FOOD"
"BONE"
"TOY"
"ALCOHOL"
"CHEESE"
"VEGETABLE"
"DRUDANAE"

*** Match 1: (var 0 = (ITEMGUID)WPN_Humans_Sword_1H_A_704e3337-c26f-4af2-acc8-8041c993b9c4), (var 1 = (CHARACTERGUID)Humans_Female_Silentmonk_A_000__000_1611266b-eb4b-8cd3-2446-4ee8cdda6115), (var 2 = "HEALING_POTION")
exec [DIV query] IsTagged( (GUIDSTRING)(ITEMGUID)WPN_Humans_Sword_1H_A_704e3337-c26f-4af2-acc8-8041c993b9c4, (STRING)"HEALING_POTION", [out] (INTEGER)1 )
     Query returns: IsTagged( (ITEMGUID)WPN_Humans_Sword_1H_A_704e3337-c26f-4af2-acc8-8041c993b9c4, "HEALING_POTION", 0 )
*** Match 2: (var 0 = (ITEMGUID)WPN_Humans_Sword_1H_A_704e3337-c26f-4af2-acc8-8041c993b9c4), (var 1 = (CHARACTERGUID)Humans_Female_Silentmonk_A_000__000_1611266b-eb4b-8cd3-2446-4ee8cdda6115), (var 2 = "BODYPART")
exec [DIV query] IsTagged( (GUIDSTRING)(ITEMGUID)WPN_Humans_Sword_1H_A_704e3337-c26f-4af2-acc8-8041c993b9c4, (STRING)"BODYPART", [out] (INTEGER)1 )
     Query returns: IsTagged( (ITEMGUID)WPN_Humans_Sword_1H_A_704e3337-c26f-4af2-acc8-8041c993b9c4, "BODYPART", 0 )
*** Match 3: (var 0 = (ITEMGUID)WPN_Humans_Sword_1H_A_704e3337-c26f-4af2-acc8-8041c993b9c4), (var 1 = (CHARACTERGUID)Humans_Female_Silentmonk_A_000__000_1611266b-eb4b-8cd3-2446-4ee8cdda6115), (var 2 = "MEAT")
exec [DIV query] IsTagged( (GUIDSTRING)(ITEMGUID)WPN_Humans_Sword_1H_A_704e3337-c26f-4af2-acc8-8041c993b9c4, (STRING)"MEAT", [out] (INTEGER)1 )
     Query returns: IsTagged( (ITEMGUID)WPN_Humans_Sword_1H_A_704e3337-c26f-4af2-acc8-8041c993b9c4, "MEAT", 0 )
*** Match 4: (var 0 = (ITEMGUID)WPN_Humans_Sword_1H_A_704e3337-c26f-4af2-acc8-8041c993b9c4), (var 1 = (CHARACTERGUID)Humans_Female_Silentmonk_A_000__000_1611266b-eb4b-8cd3-2446-4ee8cdda6115), (var 2 = "FISH")
exec [DIV query] IsTagged( (GUIDSTRING)(ITEMGUID)WPN_Humans_Sword_1H_A_704e3337-c26f-4af2-acc8-8041c993b9c4, (STRING)"FISH", [out] (INTEGER)1 )
     Query returns: IsTagged( (ITEMGUID)WPN_Humans_Sword_1H_A_704e3337-c26f-4af2-acc8-8041c993b9c4, "FISH", 0 )
*** Match 5: (var 0 = (ITEMGUID)WPN_Humans_Sword_1H_A_704e3337-c26f-4af2-acc8-8041c993b9c4), (var 1 = (CHARACTERGUID)Humans_Female_Silentmonk_A_000__000_1611266b-eb4b-8cd3-2446-4ee8cdda6115), (var 2 = "BOOK")
exec [DIV query] IsTagged( (GUIDSTRING)(ITEMGUID)WPN_Humans_Sword_1H_A_704e3337-c26f-4af2-acc8-8041c993b9c4, (STRING)"BOOK", [out] (INTEGER)1 )
     Query returns: IsTagged( (ITEMGUID)WPN_Humans_Sword_1H_A_704e3337-c26f-4af2-acc8-8041c993b9c4, "BOOK", 0 )
*** Match 6: (var 0 = (ITEMGUID)WPN_Humans_Sword_1H_A_704e3337-c26f-4af2-acc8-8041c993b9c4), (var 1 = (CHARACTERGUID)Humans_Female_Silentmonk_A_000__000_1611266b-eb4b-8cd3-2446-4ee8cdda6115), (var 2 = "QUEST_ANCESTOR_TREE_BRANCH")
exec [DIV query] IsTagged( (GUIDSTRING)(ITEMGUID)WPN_Humans_Sword_1H_A_704e3337-c26f-4af2-acc8-8041c993b9c4, (STRING)"QUEST_ANCESTOR_TREE_BRANCH", [out] (INTEGER)1 )
     Query returns: IsTagged( (ITEMGUID)WPN_Humans_Sword_1H_A_704e3337-c26f-4af2-acc8-8041c993b9c4, "QUEST_ANCESTOR_TREE_BRANCH", 0 )
*** Match 7: (var 0 = (ITEMGUID)WPN_Humans_Sword_1H_A_704e3337-c26f-4af2-acc8-8041c993b9c4), (var 1 = (CHARACTERGUID)Humans_Female_Silentmonk_A_000__000_1611266b-eb4b-8cd3-2446-4ee8cdda6115), (var 2 = "FOOD")
exec [DIV query] IsTagged( (GUIDSTRING)(ITEMGUID)WPN_Humans_Sword_1H_A_704e3337-c26f-4af2-acc8-8041c993b9c4, (STRING)"FOOD", [out] (INTEGER)1 )
     Query returns: IsTagged( (ITEMGUID)WPN_Humans_Sword_1H_A_704e3337-c26f-4af2-acc8-8041c993b9c4, "FOOD", 0 )
*** Match 8: (var 0 = (ITEMGUID)WPN_Humans_Sword_1H_A_704e3337-c26f-4af2-acc8-8041c993b9c4), (var 1 = (CHARACTERGUID)Humans_Female_Silentmonk_A_000__000_1611266b-eb4b-8cd3-2446-4ee8cdda6115), (var 2 = "BONE")
exec [DIV query] IsTagged( (GUIDSTRING)(ITEMGUID)WPN_Humans_Sword_1H_A_704e3337-c26f-4af2-acc8-8041c993b9c4, (STRING)"BONE", [out] (INTEGER)1 )
     Query returns: IsTagged( (ITEMGUID)WPN_Humans_Sword_1H_A_704e3337-c26f-4af2-acc8-8041c993b9c4, "BONE", 0 )
*** Match 9: (var 0 = (ITEMGUID)WPN_Humans_Sword_1H_A_704e3337-c26f-4af2-acc8-8041c993b9c4), (var 1 = (CHARACTERGUID)Humans_Female_Silentmonk_A_000__000_1611266b-eb4b-8cd3-2446-4ee8cdda6115), (var 2 = "TOY")
exec [DIV query] IsTagged( (GUIDSTRING)(ITEMGUID)WPN_Humans_Sword_1H_A_704e3337-c26f-4af2-acc8-8041c993b9c4, (STRING)"TOY", [out] (INTEGER)1 )
     Query returns: IsTagged( (ITEMGUID)WPN_Humans_Sword_1H_A_704e3337-c26f-4af2-acc8-8041c993b9c4, "TOY", 0 )
*** Match 10: (var 0 = (ITEMGUID)WPN_Humans_Sword_1H_A_704e3337-c26f-4af2-acc8-8041c993b9c4), (var 1 = (CHARACTERGUID)Humans_Female_Silentmonk_A_000__000_1611266b-eb4b-8cd3-2446-4ee8cdda6115), (var 2 = "ALCOHOL")
exec [DIV query] IsTagged( (GUIDSTRING)(ITEMGUID)WPN_Humans_Sword_1H_A_704e3337-c26f-4af2-acc8-8041c993b9c4, (STRING)"ALCOHOL", [out] (INTEGER)1 )
     Query returns: IsTagged( (ITEMGUID)WPN_Humans_Sword_1H_A_704e3337-c26f-4af2-acc8-8041c993b9c4, "ALCOHOL", 0 )
*** Match 11: (var 0 = (ITEMGUID)WPN_Humans_Sword_1H_A_704e3337-c26f-4af2-acc8-8041c993b9c4), (var 1 = (CHARACTERGUID)Humans_Female_Silentmonk_A_000__000_1611266b-eb4b-8cd3-2446-4ee8cdda6115), (var 2 = "CHEESE")
exec [DIV query] IsTagged( (GUIDSTRING)(ITEMGUID)WPN_Humans_Sword_1H_A_704e3337-c26f-4af2-acc8-8041c993b9c4, (STRING)"CHEESE", [out] (INTEGER)1 )
     Query returns: IsTagged( (ITEMGUID)WPN_Humans_Sword_1H_A_704e3337-c26f-4af2-acc8-8041c993b9c4, "CHEESE", 0 )
*** Match 12: (var 0 = (ITEMGUID)WPN_Humans_Sword_1H_A_704e3337-c26f-4af2-acc8-8041c993b9c4), (var 1 = (CHARACTERGUID)Humans_Female_Silentmonk_A_000__000_1611266b-eb4b-8cd3-2446-4ee8cdda6115), (var 2 = "VEGETABLE")
exec [DIV query] IsTagged( (GUIDSTRING)(ITEMGUID)WPN_Humans_Sword_1H_A_704e3337-c26f-4af2-acc8-8041c993b9c4, (STRING)"VEGETABLE", [out] (INTEGER)1 )
     Query returns: IsTagged( (ITEMGUID)WPN_Humans_Sword_1H_A_704e3337-c26f-4af2-acc8-8041c993b9c4, "VEGETABLE", 0 )
*** Match 13: (var 0 = (ITEMGUID)WPN_Humans_Sword_1H_A_704e3337-c26f-4af2-acc8-8041c993b9c4), (var 1 = (CHARACTERGUID)Humans_Female_Silentmonk_A_000__000_1611266b-eb4b-8cd3-2446-4ee8cdda6115), (var 2 = "DRUDANAE")
exec [DIV query] IsTagged( (GUIDSTRING)(ITEMGUID)WPN_Humans_Sword_1H_A_704e3337-c26f-4af2-acc8-8041c993b9c4, (STRING)"DRUDANAE", [out] (INTEGER)1 )
     Query returns: IsTagged( (ITEMGUID)WPN_Humans_Sword_1H_A_704e3337-c26f-4af2-acc8-8041c993b9c4, "DRUDANAE", 0 )
>>> call COsiris::Event
>>> event ItemTemplateAddedToCharacter(WPN_Humans_Sword_1H_A_f1a2347e-0a9e-4b4a-9f85-8d9afbcb2ca4, (ITEMGUID)WPN_Humans_Sword_1H_A_704e3337-c26f-4af2-acc8-8041c993b9c4, (CHARACTERGUID)Humans_Female_Silentmonk_A_000__000_1611266b-eb4b-8cd3-2446-4ee8cdda6115)
exec [DIV query] String( (GUIDSTRING)WPN_Humans_Sword_1H_A_f1a2347e-0a9e-4b4a-9f85-8d9afbcb2ca4, [out] (STRING)(undef value) )
     Query returns: String( WPN_Humans_Sword_1H_A_f1a2347e-0a9e-4b4a-9f85-8d9afbcb2ca4, "WPN_Humans_Sword_1H_A_f1a2347e-0a9e-4b4a-9f85-8d9afbcb2ca4" )
>>> call COsiris::Event
>>> event ItemEquipped((ITEMGUID)WPN_Humans_Sword_1H_A_704e3337-c26f-4af2-acc8-8041c993b9c4, (CHARACTERGUID)Humans_Female_Silentmonk_A_000__000_1611266b-eb4b-8cd3-2446-4ee8cdda6115)
>>> call COsiris::Event
>>> event ItemTemplateEquipped("WPN_Humans_Sword_1H_A_f1a2347e-0a9e-4b4a-9f85-8d9afbcb2ca4", (CHARACTERGUID)Humans_Female_Silentmonk_A_000__000_1611266b-eb4b-8cd3-2446-4ee8cdda6115)
>>> call COsiris::Event
event CharacterEnteredRegion/2 ignored (no rules defined using it)
>>> call COsiris::Event
>>> event ItemAddedToCharacter((ITEMGUID)EQ_Clothing_Civilian_Legs_A_04bc3df7-dd92-4c39-a396-43a9d81009e4, (CHARACTERGUID)Focus_PathSkills_Air_Vendor_000_329fcf1f-660c-481a-8ad3-5a21b0c17678)
exec [DIV query] ObjectExists( (GUIDSTRING)(ITEMGUID)EQ_Clothing_Civilian_Legs_A_04bc3df7-dd92-4c39-a396-43a9d81009e4, [out] (INTEGER)1 )
     Query returns: ObjectExists( (ITEMGUID)EQ_Clothing_Civilian_Legs_A_04bc3df7-dd92-4c39-a396-43a9d81009e4, 1 )
*** Multiple match ***
*** Left node:  (node 5092): (LeftParent: 5090, RightParent: 5091) AND node.
*** Right node: (node 5091): DB_TaggedItemTracker( (STRING)_ ).
*** 13 tuples satisfy select desc: .
*** Multiple match End lists right node's database: ***

DBase contents of DB_TaggedItemTracker( (STRING)_ )
--------------------------------------------------
"HEALING_POTION"
"BODYPART"
"MEAT"
"FISH"
"BOOK"
"QUEST_ANCESTOR_TREE_BRANCH"
"FOOD"
"BONE"
"TOY"
"ALCOHOL"
"CHEESE"
"VEGETABLE"
"DRUDANAE"

*** Match 1: (var 0 = (ITEMGUID)EQ_Clothing_Civilian_Legs_A_04bc3df7-dd92-4c39-a396-43a9d81009e4), (var 1 = (CHARACTERGUID)Focus_PathSkills_Air_Vendor_000_329fcf1f-660c-481a-8ad3-5a21b0c17678), (var 2 = "HEALING_POTION")
exec [DIV query] IsTagged( (GUIDSTRING)(ITEMGUID)EQ_Clothing_Civilian_Legs_A_04bc3df7-dd92-4c39-a396-43a9d81009e4, (STRING)"HEALING_POTION", [out] (INTEGER)1 )
     Query returns: IsTagged( (ITEMGUID)EQ_Clothing_Civilian_Legs_A_04bc3df7-dd92-4c39-a396-43a9d81009e4, "HEALING_POTION", 0 )
*** Match 2: (var 0 = (ITEMGUID)EQ_Clothing_Civilian_Legs_A_04bc3df7-dd92-4c39-a396-43a9d81009e4), (var 1 = (CHARACTERGUID)Focus_PathSkills_Air_Vendor_000_329fcf1f-660c-481a-8ad3-5a21b0c17678), (var 2 = "BODYPART")
exec [DIV query] IsTagged( (GUIDSTRING)(ITEMGUID)EQ_Clothing_Civilian_Legs_A_04bc3df7-dd92-4c39-a396-43a9d81009e4, (STRING)"BODYPART", [out] (INTEGER)1 )
     Query returns: IsTagged( (ITEMGUID)EQ_Clothing_Civilian_Legs_A_04bc3df7-dd92-4c39-a396-43a9d81009e4, "BODYPART", 0 )
*** Match 3: (var 0 = (ITEMGUID)EQ_Clothing_Civilian_Legs_A_04bc3df7-dd92-4c39-a396-43a9d81009e4), (var 1 = (CHARACTERGUID)Focus_PathSkills_Air_Vendor_000_329fcf1f-660c-481a-8ad3-5a21b0c17678), (var 2 = "MEAT")
exec [DIV query] IsTagged( (GUIDSTRING)(ITEMGUID)EQ_Clothing_Civilian_Legs_A_04bc3df7-dd92-4c39-a396-43a9d81009e4, (STRING)"MEAT", [out] (INTEGER)1 )
     Query returns: IsTagged( (ITEMGUID)EQ_Clothing_Civilian_Legs_A_04bc3df7-dd92-4c39-a396-43a9d81009e4, "MEAT", 0 )
*** Match 4: (var 0 = (ITEMGUID)EQ_Clothing_Civilian_Legs_A_04bc3df7-dd92-4c39-a396-43a9d81009e4), (var 1 = (CHARACTERGUID)Focus_PathSkills_Air_Vendor_000_329fcf1f-660c-481a-8ad3-5a21b0c17678), (var 2 = "FISH")
exec [DIV query] IsTagged( (GUIDSTRING)(ITEMGUID)EQ_Clothing_Civilian_Legs_A_04bc3df7-dd92-4c39-a396-43a9d81009e4, (STRING)"FISH", [out] (INTEGER)1 )
     Query returns: IsTagged( (ITEMGUID)EQ_Clothing_Civilian_Legs_A_04bc3df7-dd92-4c39-a396-43a9d81009e4, "FISH", 0 )
*** Match 5: (var 0 = (ITEMGUID)EQ_Clothing_Civilian_Legs_A_04bc3df7-dd92-4c39-a396-43a9d81009e4), (var 1 = (CHARACTERGUID)Focus_PathSkills_Air_Vendor_000_329fcf1f-660c-481a-8ad3-5a21b0c17678), (var 2 = "BOOK")
exec [DIV query] IsTagged( (GUIDSTRING)(ITEMGUID)EQ_Clothing_Civilian_Legs_A_04bc3df7-dd92-4c39-a396-43a9d81009e4, (STRING)"BOOK", [out] (INTEGER)1 )
     Query returns: IsTagged( (ITEMGUID)EQ_Clothing_Civilian_Legs_A_04bc3df7-dd92-4c39-a396-43a9d81009e4, "BOOK", 0 )
*** Match 6: (var 0 = (ITEMGUID)EQ_Clothing_Civilian_Legs_A_04bc3df7-dd92-4c39-a396-43a9d81009e4), (var 1 = (CHARACTERGUID)Focus_PathSkills_Air_Vendor_000_329fcf1f-660c-481a-8ad3-5a21b0c17678), (var 2 = "QUEST_ANCESTOR_TREE_BRANCH")
exec [DIV query] IsTagged( (GUIDSTRING)(ITEMGUID)EQ_Clothing_Civilian_Legs_A_04bc3df7-dd92-4c39-a396-43a9d81009e4, (STRING)"QUEST_ANCESTOR_TREE_BRANCH", [out] (INTEGER)1 )
     Query returns: IsTagged( (ITEMGUID)EQ_Clothing_Civilian_Legs_A_04bc3df7-dd92-4c39-a396-43a9d81009e4, "QUEST_ANCESTOR_TREE_BRANCH", 0 )
*** Match 7: (var 0 = (ITEMGUID)EQ_Clothing_Civilian_Legs_A_04bc3df7-dd92-4c39-a396-43a9d81009e4), (var 1 = (CHARACTERGUID)Focus_PathSkills_Air_Vendor_000_329fcf1f-660c-481a-8ad3-5a21b0c17678), (var 2 = "FOOD")
exec [DIV query] IsTagged( (GUIDSTRING)(ITEMGUID)EQ_Clothing_Civilian_Legs_A_04bc3df7-dd92-4c39-a396-43a9d81009e4, (STRING)"FOOD", [out] (INTEGER)1 )
     Query returns: IsTagged( (ITEMGUID)EQ_Clothing_Civilian_Legs_A_04bc3df7-dd92-4c39-a396-43a9d81009e4, "FOOD", 0 )
*** Match 8: (var 0 = (ITEMGUID)EQ_Clothing_Civilian_Legs_A_04bc3df7-dd92-4c39-a396-43a9d81009e4), (var 1 = (CHARACTERGUID)Focus_PathSkills_Air_Vendor_000_329fcf1f-660c-481a-8ad3-5a21b0c17678), (var 2 = "BONE")
exec [DIV query] IsTagged( (GUIDSTRING)(ITEMGUID)EQ_Clothing_Civilian_Legs_A_04bc3df7-dd92-4c39-a396-43a9d81009e4, (STRING)"BONE", [out] (INTEGER)1 )
     Query returns: IsTagged( (ITEMGUID)EQ_Clothing_Civilian_Legs_A_04bc3df7-dd92-4c39-a396-43a9d81009e4, "BONE", 0 )
*** Match 9: (var 0 = (ITEMGUID)EQ_Clothing_Civilian_Legs_A_04bc3df7-dd92-4c39-a396-43a9d81009e4), (var 1 = (CHARACTERGUID)Focus_PathSkills_Air_Vendor_000_329fcf1f-660c-481a-8ad3-5a21b0c17678), (var 2 = "TOY")
exec [DIV query] IsTagged( (GUIDSTRING)(ITEMGUID)EQ_Clothing_Civilian_Legs_A_04bc3df7-dd92-4c39-a396-43a9d81009e4, (STRING)"TOY", [out] (INTEGER)1 )
     Query returns: IsTagged( (ITEMGUID)EQ_Clothing_Civilian_Legs_A_04bc3df7-dd92-4c39-a396-43a9d81009e4, "TOY", 0 )
*** Match 10: (var 0 = (ITEMGUID)EQ_Clothing_Civilian_Legs_A_04bc3df7-dd92-4c39-a396-43a9d81009e4), (var 1 = (CHARACTERGUID)Focus_PathSkills_Air_Vendor_000_329fcf1f-660c-481a-8ad3-5a21b0c17678), (var 2 = "ALCOHOL")
exec [DIV query] IsTagged( (GUIDSTRING)(ITEMGUID)EQ_Clothing_Civilian_Legs_A_04bc3df7-dd92-4c39-a396-43a9d81009e4, (STRING)"ALCOHOL", [out] (INTEGER)1 )
     Query returns: IsTagged( (ITEMGUID)EQ_Clothing_Civilian_Legs_A_04bc3df7-dd92-4c39-a396-43a9d81009e4, "ALCOHOL", 0 )
*** Match 11: (var 0 = (ITEMGUID)EQ_Clothing_Civilian_Legs_A_04bc3df7-dd92-4c39-a396-43a9d81009e4), (var 1 = (CHARACTERGUID)Focus_PathSkills_Air_Vendor_000_329fcf1f-660c-481a-8ad3-5a21b0c17678), (var 2 = "CHEESE")
exec [DIV query] IsTagged( (GUIDSTRING)(ITEMGUID)EQ_Clothing_Civilian_Legs_A_04bc3df7-dd92-4c39-a396-43a9d81009e4, (STRING)"CHEESE", [out] (INTEGER)1 )
     Query returns: IsTagged( (ITEMGUID)EQ_Clothing_Civilian_Legs_A_04bc3df7-dd92-4c39-a396-43a9d81009e4, "CHEESE", 0 )
*** Match 12: (var 0 = (ITEMGUID)EQ_Clothing_Civilian_Legs_A_04bc3df7-dd92-4c39-a396-43a9d81009e4), (var 1 = (CHARACTERGUID)Focus_PathSkills_Air_Vendor_000_329fcf1f-660c-481a-8ad3-5a21b0c17678), (var 2 = "VEGETABLE")
exec [DIV query] IsTagged( (GUIDSTRING)(ITEMGUID)EQ_Clothing_Civilian_Legs_A_04bc3df7-dd92-4c39-a396-43a9d81009e4, (STRING)"VEGETABLE", [out] (INTEGER)1 )
     Query returns: IsTagged( (ITEMGUID)EQ_Clothing_Civilian_Legs_A_04bc3df7-dd92-4c39-a396-43a9d81009e4, "VEGETABLE", 0 )
*** Match 13: (var 0 = (ITEMGUID)EQ_Clothing_Civilian_Legs_A_04bc3df7-dd92-4c39-a396-43a9d81009e4), (var 1 = (CHARACTERGUID)Focus_PathSkills_Air_Vendor_000_329fcf1f-660c-481a-8ad3-5a21b0c17678), (var 2 = "DRUDANAE")
exec [DIV query] IsTagged( (GUIDSTRING)(ITEMGUID)EQ_Clothing_Civilian_Legs_A_04bc3df7-dd92-4c39-a396-43a9d81009e4, (STRING)"DRUDANAE", [out] (INTEGER)1 )
     Query returns: IsTagged( (ITEMGUID)EQ_Clothing_Civilian_Legs_A_04bc3df7-dd92-4c39-a396-43a9d81009e4, "DRUDANAE", 0 )
>>> call COsiris::Event
>>> event ItemTemplateAddedToCharacter(EQ_Clothing_Civilian_Legs_A_043055d0-f5fc-400c-ae2e-29fb3a20902c, (ITEMGUID)EQ_Clothing_Civilian_Legs_A_04bc3df7-dd92-4c39-a396-43a9d81009e4, (CHARACTERGUID)Focus_PathSkills_Air_Vendor_000_329fcf1f-660c-481a-8ad3-5a21b0c17678)
exec [DIV query] String( (GUIDSTRING)EQ_Clothing_Civilian_Legs_A_043055d0-f5fc-400c-ae2e-29fb3a20902c, [out] (STRING)(undef value) )
     Query returns: String( EQ_Clothing_Civilian_Legs_A_043055d0-f5fc-400c-ae2e-29fb3a20902c, "EQ_Clothing_Civilian_Legs_A_043055d0-f5fc-400c-ae2e-29fb3a20902c" )
>>> call COsiris::Event
>>> event ItemEquipped((ITEMGUID)EQ_Clothing_Civilian_Legs_A_04bc3df7-dd92-4c39-a396-43a9d81009e4, (CHARACTERGUID)Focus_PathSkills_Air_Vendor_000_329fcf1f-660c-481a-8ad3-5a21b0c17678)
>>> call COsiris::Event
>>> event ItemTemplateEquipped("EQ_Clothing_Civilian_Legs_A_043055d0-f5fc-400c-ae2e-29fb3a20902c", (CHARACTERGUID)Focus_PathSkills_Air_Vendor_000_329fcf1f-660c-481a-8ad3-5a21b0c17678)
>>> call COsiris::Event
>>> event ItemAddedToCharacter((ITEMGUID)EQ_Clothing_Civilian_Lowerbody_A_c4823784-9d62-4633-bc3e-d4efea393d63, (CHARACTERGUID)Focus_PathSkills_Air_Vendor_000_329fcf1f-660c-481a-8ad3-5a21b0c17678)
exec [DIV query] ObjectExists( (GUIDSTRING)(ITEMGUID)EQ_Clothing_Civilian_Lowerbody_A_c4823784-9d62-4633-bc3e-d4efea393d63, [out] (INTEGER)1 )
     Query returns: ObjectExists( (ITEMGUID)EQ_Clothing_Civilian_Lowerbody_A_c4823784-9d62-4633-bc3e-d4efea393d63, 1 )
*** Multiple match ***
*** Left node:  (node 5092): (LeftParent: 5090, RightParent: 5091) AND node.
*** Right node: (node 5091): DB_TaggedItemTracker( (STRING)_ ).
*** 13 tuples satisfy select desc: .
*** Multiple match End lists right node's database: ***

DBase contents of DB_TaggedItemTracker( (STRING)_ )
--------------------------------------------------
"HEALING_POTION"
"BODYPART"
"MEAT"
"FISH"
"BOOK"
"QUEST_ANCESTOR_TREE_BRANCH"
"FOOD"
"BONE"
"TOY"
"ALCOHOL"
"CHEESE"
"VEGETABLE"
"DRUDANAE"

*** Match 1: (var 0 = (ITEMGUID)EQ_Clothing_Civilian_Lowerbody_A_c4823784-9d62-4633-bc3e-d4efea393d63), (var 1 = (CHARACTERGUID)Focus_PathSkills_Air_Vendor_000_329fcf1f-660c-481a-8ad3-5a21b0c17678), (var 2 = "HEALING_POTION")
exec [DIV query] IsTagged( (GUIDSTRING)(ITEMGUID)EQ_Clothing_Civilian_Lowerbody_A_c4823784-9d62-4633-bc3e-d4efea393d63, (STRING)"HEALING_POTION", [out] (INTEGER)1 )
     Query returns: IsTagged( (ITEMGUID)EQ_Clothing_Civilian_Lowerbody_A_c4823784-9d62-4633-bc3e-d4efea393d63, "HEALING_POTION", 0 )
*** Match 2: (var 0 = (ITEMGUID)EQ_Clothing_Civilian_Lowerbody_A_c4823784-9d62-4633-bc3e-d4efea393d63), (var 1 = (CHARACTERGUID)Focus_PathSkills_Air_Vendor_000_329fcf1f-660c-481a-8ad3-5a21b0c17678), (var 2 = "BODYPART")
exec [DIV query] IsTagged( (GUIDSTRING)(ITEMGUID)EQ_Clothing_Civilian_Lowerbody_A_c4823784-9d62-4633-bc3e-d4efea393d63, (STRING)"BODYPART", [out] (INTEGER)1 )
     Query returns: IsTagged( (ITEMGUID)EQ_Clothing_Civilian_Lowerbody_A_c4823784-9d62-4633-bc3e-d4efea393d63, "BODYPART", 0 )
*** Match 3: (var 0 = (ITEMGUID)EQ_Clothing_Civilian_Lowerbody_A_c4823784-9d62-4633-bc3e-d4efea393d63), (var 1 = (CHARACTERGUID)Focus_PathSkills_Air_Vendor_000_329fcf1f-660c-481a-8ad3-5a21b0c17678), (var 2 = "MEAT")
exec [DIV query] IsTagged( (GUIDSTRING)(ITEMGUID)EQ_Clothing_Civilian_Lowerbody_A_c4823784-9d62-4633-bc3e-d4efea393d63, (STRING)"MEAT", [out] (INTEGER)1 )
     Query returns: IsTagged( (ITEMGUID)EQ_Clothing_Civilian_Lowerbody_A_c4823784-9d62-4633-bc3e-d4efea393d63, "MEAT", 0 )
*** Match 4: (var 0 = (ITEMGUID)EQ_Clothing_Civilian_Lowerbody_A_c4823784-9d62-4633-bc3e-d4efea393d63), (var 1 = (CHARACTERGUID)Focus_PathSkills_Air_Vendor_000_329fcf1f-660c-481a-8ad3-5a21b0c17678), (var 2 = "FISH")
exec [DIV query] IsTagged( (GUIDSTRING)(ITEMGUID)EQ_Clothing_Civilian_Lowerbody_A_c4823784-9d62-4633-bc3e-d4efea393d63, (STRING)"FISH", [out] (INTEGER)1 )
     Query returns: IsTagged( (ITEMGUID)EQ_Clothing_Civilian_Lowerbody_A_c4823784-9d62-4633-bc3e-d4efea393d63, "FISH", 0 )
*** Match 5: (var 0 = (ITEMGUID)EQ_Clothing_Civilian_Lowerbody_A_c4823784-9d62-4633-bc3e-d4efea393d63), (var 1 = (CHARACTERGUID)Focus_PathSkills_Air_Vendor_000_329fcf1f-660c-481a-8ad3-5a21b0c17678), (var 2 = "BOOK")
exec [DIV query] IsTagged( (GUIDSTRING)(ITEMGUID)EQ_Clothing_Civilian_Lowerbody_A_c4823784-9d62-4633-bc3e-d4efea393d63, (STRING)"BOOK", [out] (INTEGER)1 )
     Query returns: IsTagged( (ITEMGUID)EQ_Clothing_Civilian_Lowerbody_A_c4823784-9d62-4633-bc3e-d4efea393d63, "BOOK", 0 )
*** Match 6: (var 0 = (ITEMGUID)EQ_Clothing_Civilian_Lowerbody_A_c4823784-9d62-4633-bc3e-d4efea393d63), (var 1 = (CHARACTERGUID)Focus_PathSkills_Air_Vendor_000_329fcf1f-660c-481a-8ad3-5a21b0c17678), (var 2 = "QUEST_ANCESTOR_TREE_BRANCH")
exec [DIV query] IsTagged( (GUIDSTRING)(ITEMGUID)EQ_Clothing_Civilian_Lowerbody_A_c4823784-9d62-4633-bc3e-d4efea393d63, (STRING)"QUEST_ANCESTOR_TREE_BRANCH", [out] (INTEGER)1 )
     Query returns: IsTagged( (ITEMGUID)EQ_Clothing_Civilian_Lowerbody_A_c4823784-9d62-4633-bc3e-d4efea393d63, "QUEST_ANCESTOR_TREE_BRANCH", 0 )
*** Match 7: (var 0 = (ITEMGUID)EQ_Clothing_Civilian_Lowerbody_A_c4823784-9d62-4633-bc3e-d4efea393d63), (var 1 = (CHARACTERGUID)Focus_PathSkills_Air_Vendor_000_329fcf1f-660c-481a-8ad3-5a21b0c17678), (var 2 = "FOOD")
exec [DIV query] IsTagged( (GUIDSTRING)(ITEMGUID)EQ_Clothing_Civilian_Lowerbody_A_c4823784-9d62-4633-bc3e-d4efea393d63, (STRING)"FOOD", [out] (INTEGER)1 )
     Query returns: IsTagged( (ITEMGUID)EQ_Clothing_Civilian_Lowerbody_A_c4823784-9d62-4633-bc3e-d4efea393d63, "FOOD", 0 )
*** Match 8: (var 0 = (ITEMGUID)EQ_Clothing_Civilian_Lowerbody_A_c4823784-9d62-4633-bc3e-d4efea393d63), (var 1 = (CHARACTERGUID)Focus_PathSkills_Air_Vendor_000_329fcf1f-660c-481a-8ad3-5a21b0c17678), (var 2 = "BONE")
exec [DIV query] IsTagged( (GUIDSTRING)(ITEMGUID)EQ_Clothing_Civilian_Lowerbody_A_c4823784-9d62-4633-bc3e-d4efea393d63, (STRING)"BONE", [out] (INTEGER)1 )
     Query returns: IsTagged( (ITEMGUID)EQ_Clothing_Civilian_Lowerbody_A_c4823784-9d62-4633-bc3e-d4efea393d63, "BONE", 0 )
*** Match 9: (var 0 = (ITEMGUID)EQ_Clothing_Civilian_Lowerbody_A_c4823784-9d62-4633-bc3e-d4efea393d63), (var 1 = (CHARACTERGUID)Focus_PathSkills_Air_Vendor_000_329fcf1f-660c-481a-8ad3-5a21b0c17678), (var 2 = "TOY")
exec [DIV query] IsTagged( (GUIDSTRING)(ITEMGUID)EQ_Clothing_Civilian_Lowerbody_A_c4823784-9d62-4633-bc3e-d4efea393d63, (STRING)"TOY", [out] (INTEGER)1 )
     Query returns: IsTagged( (ITEMGUID)EQ_Clothing_Civilian_Lowerbody_A_c4823784-9d62-4633-bc3e-d4efea393d63, "TOY", 0 )
*** Match 10: (var 0 = (ITEMGUID)EQ_Clothing_Civilian_Lowerbody_A_c4823784-9d62-4633-bc3e-d4efea393d63), (var 1 = (CHARACTERGUID)Focus_PathSkills_Air_Vendor_000_329fcf1f-660c-481a-8ad3-5a21b0c17678), (var 2 = "ALCOHOL")
exec [DIV query] IsTagged( (GUIDSTRING)(ITEMGUID)EQ_Clothing_Civilian_Lowerbody_A_c4823784-9d62-4633-bc3e-d4efea393d63, (STRING)"ALCOHOL", [out] (INTEGER)1 )
     Query returns: IsTagged( (ITEMGUID)EQ_Clothing_Civilian_Lowerbody_A_c4823784-9d62-4633-bc3e-d4efea393d63, "ALCOHOL", 0 )
*** Match 11: (var 0 = (ITEMGUID)EQ_Clothing_Civilian_Lowerbody_A_c4823784-9d62-4633-bc3e-d4efea393d63), (var 1 = (CHARACTERGUID)Focus_PathSkills_Air_Vendor_000_329fcf1f-660c-481a-8ad3-5a21b0c17678), (var 2 = "CHEESE")
exec [DIV query] IsTagged( (GUIDSTRING)(ITEMGUID)EQ_Clothing_Civilian_Lowerbody_A_c4823784-9d62-4633-bc3e-d4efea393d63, (STRING)"CHEESE", [out] (INTEGER)1 )
     Query returns: IsTagged( (ITEMGUID)EQ_Clothing_Civilian_Lowerbody_A_c4823784-9d62-4633-bc3e-d4efea393d63, "CHEESE", 0 )
*** Match 12: (var 0 = (ITEMGUID)EQ_Clothing_Civilian_Lowerbody_A_c4823784-9d62-4633-bc3e-d4efea393d63), (var 1 = (CHARACTERGUID)Focus_PathSkills_Air_Vendor_000_329fcf1f-660c-481a-8ad3-5a21b0c17678), (var 2 = "VEGETABLE")
exec [DIV query] IsTagged( (GUIDSTRING)(ITEMGUID)EQ_Clothing_Civilian_Lowerbody_A_c4823784-9d62-4633-bc3e-d4efea393d63, (STRING)"VEGETABLE", [out] (INTEGER)1 )
     Query returns: IsTagged( (ITEMGUID)EQ_Clothing_Civilian_Lowerbody_A_c4823784-9d62-4633-bc3e-d4efea393d63, "VEGETABLE", 0 )
*** Match 13: (var 0 = (ITEMGUID)EQ_Clothing_Civilian_Lowerbody_A_c4823784-9d62-4633-bc3e-d4efea393d63), (var 1 = (CHARACTERGUID)Focus_PathSkills_Air_Vendor_000_329fcf1f-660c-481a-8ad3-5a21b0c17678), (var 2 = "DRUDANAE")
exec [DIV query] IsTagged( (GUIDSTRING)(ITEMGUID)EQ_Clothing_Civilian_Lowerbody_A_c4823784-9d62-4633-bc3e-d4efea393d63, (STRING)"DRUDANAE", [out] (INTEGER)1 )
     Query returns: IsTagged( (ITEMGUID)EQ_Clothing_Civilian_Lowerbody_A_c4823784-9d62-4633-bc3e-d4efea393d63, "DRUDANAE", 0 )
>>> call COsiris::Event
>>> event ItemTemplateAddedToCharacter(EQ_Clothing_Civilian_Lowerbody_A_98b2a268-6bc4-4357-8cb6-c33bdf6aaa63, (ITEMGUID)EQ_Clothing_Civilian_Lowerbody_A_c4823784-9d62-4633-bc3e-d4efea393d63, (CHARACTERGUID)Focus_PathSkills_Air_Vendor_000_329fcf1f-660c-481a-8ad3-5a21b0c17678)
exec [DIV query] String( (GUIDSTRING)EQ_Clothing_Civilian_Lowerbody_A_98b2a268-6bc4-4357-8cb6-c33bdf6aaa63, [out] (STRING)(undef value) )
     Query returns: String( EQ_Clothing_Civilian_Lowerbody_A_98b2a268-6bc4-4357-8cb6-c33bdf6aaa63, "EQ_Clothing_Civilian_Lowerbody_A_98b2a268-6bc4-4357-8cb6-c33bdf6aaa63" )
>>> call COsiris::Event
>>> event ItemEquipped((ITEMGUID)EQ_Clothing_Civilian_Lowerbody_A_c4823784-9d62-4633-bc3e-d4efea393d63, (CHARACTERGUID)Focus_PathSkills_Air_Vendor_000_329fcf1f-660c-481a-8ad3-5a21b0c17678)
>>> call COsiris::Event
>>> event ItemTemplateEquipped("EQ_Clothing_Civilian_Lowerbody_A_98b2a268-6bc4-4357-8cb6-c33bdf6aaa63", (CHARACTERGUID)Focus_PathSkills_Air_Vendor_000_329fcf1f-660c-481a-8ad3-5a21b0c17678)
>>> call COsiris::Event
>>> event ItemAddedToCharacter((ITEMGUID)EQ_Clothing_Civilian_Upperbody_A_1db43091-c844-4ab3-b122-817bfddd5738, (CHARACTERGUID)Focus_PathSkills_Air_Vendor_000_329fcf1f-660c-481a-8ad3-5a21b0c17678)
exec [DIV query] ObjectExists( (GUIDSTRING)(ITEMGUID)EQ_Clothing_Civilian_Upperbody_A_1db43091-c844-4ab3-b122-817bfddd5738, [out] (INTEGER)1 )
     Query returns: ObjectExists( (ITEMGUID)EQ_Clothing_Civilian_Upperbody_A_1db43091-c844-4ab3-b122-817bfddd5738, 1 )
*** Multiple match ***
*** Left node:  (node 5092): (LeftParent: 5090, RightParent: 5091) AND node.
*** Right node: (node 5091): DB_TaggedItemTracker( (STRING)_ ).
*** 13 tuples satisfy select desc: .
*** Multiple match End lists right node's database: ***

DBase contents of DB_TaggedItemTracker( (STRING)_ )
--------------------------------------------------
"HEALING_POTION"
"BODYPART"
"MEAT"
"FISH"
"BOOK"
"QUEST_ANCESTOR_TREE_BRANCH"
"FOOD"
"BONE"
"TOY"
"ALCOHOL"
"CHEESE"
"VEGETABLE"
"DRUDANAE"

*** Match 1: (var 0 = (ITEMGUID)EQ_Clothing_Civilian_Upperbody_A_1db43091-c844-4ab3-b122-817bfddd5738), (var 1 = (CHARACTERGUID)Focus_PathSkills_Air_Vendor_000_329fcf1f-660c-481a-8ad3-5a21b0c17678), (var 2 = "HEALING_POTION")
exec [DIV query] IsTagged( (GUIDSTRING)(ITEMGUID)EQ_Clothing_Civilian_Upperbody_A_1db43091-c844-4ab3-b122-817bfddd5738, (STRING)"HEALING_POTION", [out] (INTEGER)1 )
     Query returns: IsTagged( (ITEMGUID)EQ_Clothing_Civilian_Upperbody_A_1db43091-c844-4ab3-b122-817bfddd5738, "HEALING_POTION", 0 )
*** Match 2: (var 0 = (ITEMGUID)EQ_Clothing_Civilian_Upperbody_A_1db43091-c844-4ab3-b122-817bfddd5738), (var 1 = (CHARACTERGUID)Focus_PathSkills_Air_Vendor_000_329fcf1f-660c-481a-8ad3-5a21b0c17678), (var 2 = "BODYPART")
exec [DIV query] IsTagged( (GUIDSTRING)(ITEMGUID)EQ_Clothing_Civilian_Upperbody_A_1db43091-c844-4ab3-b122-817bfddd5738, (STRING)"BODYPART", [out] (INTEGER)1 )
     Query returns: IsTagged( (ITEMGUID)EQ_Clothing_Civilian_Upperbody_A_1db43091-c844-4ab3-b122-817bfddd5738, "BODYPART", 0 )
*** Match 3: (var 0 = (ITEMGUID)EQ_Clothing_Civilian_Upperbody_A_1db43091-c844-4ab3-b122-817bfddd5738), (var 1 = (CHARACTERGUID)Focus_PathSkills_Air_Vendor_000_329fcf1f-660c-481a-8ad3-5a21b0c17678), (var 2 = "MEAT")
exec [DIV query] IsTagged( (GUIDSTRING)(ITEMGUID)EQ_Clothing_Civilian_Upperbody_A_1db43091-c844-4ab3-b122-817bfddd5738, (STRING)"MEAT", [out] (INTEGER)1 )
     Query returns: IsTagged( (ITEMGUID)EQ_Clothing_Civilian_Upperbody_A_1db43091-c844-4ab3-b122-817bfddd5738, "MEAT", 0 )
*** Match 4: (var 0 = (ITEMGUID)EQ_Clothing_Civilian_Upperbody_A_1db43091-c844-4ab3-b122-817bfddd5738), (var 1 = (CHARACTERGUID)Focus_PathSkills_Air_Vendor_000_329fcf1f-660c-481a-8ad3-5a21b0c17678), (var 2 = "FISH")
exec [DIV query] IsTagged( (GUIDSTRING)(ITEMGUID)EQ_Clothing_Civilian_Upperbody_A_1db43091-c844-4ab3-b122-817bfddd5738, (STRING)"FISH", [out] (INTEGER)1 )
     Query returns: IsTagged( (ITEMGUID)EQ_Clothing_Civilian_Upperbody_A_1db43091-c844-4ab3-b122-817bfddd5738, "FISH", 0 )
*** Match 5: (var 0 = (ITEMGUID)EQ_Clothing_Civilian_Upperbody_A_1db43091-c844-4ab3-b122-817bfddd5738), (var 1 = (CHARACTERGUID)Focus_PathSkills_Air_Vendor_000_329fcf1f-660c-481a-8ad3-5a21b0c17678), (var 2 = "BOOK")
exec [DIV query] IsTagged( (GUIDSTRING)(ITEMGUID)EQ_Clothing_Civilian_Upperbody_A_1db43091-c844-4ab3-b122-817bfddd5738, (STRING)"BOOK", [out] (INTEGER)1 )
     Query returns: IsTagged( (ITEMGUID)EQ_Clothing_Civilian_Upperbody_A_1db43091-c844-4ab3-b122-817bfddd5738, "BOOK", 0 )
*** Match 6: (var 0 = (ITEMGUID)EQ_Clothing_Civilian_Upperbody_A_1db43091-c844-4ab3-b122-817bfddd5738), (var 1 = (CHARACTERGUID)Focus_PathSkills_Air_Vendor_000_329fcf1f-660c-481a-8ad3-5a21b0c17678), (var 2 = "QUEST_ANCESTOR_TREE_BRANCH")
exec [DIV query] IsTagged( (GUIDSTRING)(ITEMGUID)EQ_Clothing_Civilian_Upperbody_A_1db43091-c844-4ab3-b122-817bfddd5738, (STRING)"QUEST_ANCESTOR_TREE_BRANCH", [out] (INTEGER)1 )
     Query returns: IsTagged( (ITEMGUID)EQ_Clothing_Civilian_Upperbody_A_1db43091-c844-4ab3-b122-817bfddd5738, "QUEST_ANCESTOR_TREE_BRANCH", 0 )
*** Match 7: (var 0 = (ITEMGUID)EQ_Clothing_Civilian_Upperbody_A_1db43091-c844-4ab3-b122-817bfddd5738), (var 1 = (CHARACTERGUID)Focus_PathSkills_Air_Vendor_000_329fcf1f-660c-481a-8ad3-5a21b0c17678), (var 2 = "FOOD")
exec [DIV query] IsTagged( (GUIDSTRING)(ITEMGUID)EQ_Clothing_Civilian_Upperbody_A_1db43091-c844-4ab3-b122-817bfddd5738, (STRING)"FOOD", [out] (INTEGER)1 )
     Query returns: IsTagged( (ITEMGUID)EQ_Clothing_Civilian_Upperbody_A_1db43091-c844-4ab3-b122-817bfddd5738, "FOOD", 0 )
*** Match 8: (var 0 = (ITEMGUID)EQ_Clothing_Civilian_Upperbody_A_1db43091-c844-4ab3-b122-817bfddd5738), (var 1 = (CHARACTERGUID)Focus_PathSkills_Air_Vendor_000_329fcf1f-660c-481a-8ad3-5a21b0c17678), (var 2 = "BONE")
exec [DIV query] IsTagged( (GUIDSTRING)(ITEMGUID)EQ_Clothing_Civilian_Upperbody_A_1db43091-c844-4ab3-b122-817bfddd5738, (STRING)"BONE", [out] (INTEGER)1 )
     Query returns: IsTagged( (ITEMGUID)EQ_Clothing_Civilian_Upperbody_A_1db43091-c844-4ab3-b122-817bfddd5738, "BONE", 0 )
*** Match 9: (var 0 = (ITEMGUID)EQ_Clothing_Civilian_Upperbody_A_1db43091-c844-4ab3-b122-817bfddd5738), (var 1 = (CHARACTERGUID)Focus_PathSkills_Air_Vendor_000_329fcf1f-660c-481a-8ad3-5a21b0c17678), (var 2 = "TOY")
exec [DIV query] IsTagged( (GUIDSTRING)(ITEMGUID)EQ_Clothing_Civilian_Upperbody_A_1db43091-c844-4ab3-b122-817bfddd5738, (STRING)"TOY", [out] (INTEGER)1 )
     Query returns: IsTagged( (ITEMGUID)EQ_Clothing_Civilian_Upperbody_A_1db43091-c844-4ab3-b122-817bfddd5738, "TOY", 0 )
*** Match 10: (var 0 = (ITEMGUID)EQ_Clothing_Civilian_Upperbody_A_1db43091-c844-4ab3-b122-817bfddd5738), (var 1 = (CHARACTERGUID)Focus_PathSkills_Air_Vendor_000_329fcf1f-660c-481a-8ad3-5a21b0c17678), (var 2 = "ALCOHOL")
exec [DIV query] IsTagged( (GUIDSTRING)(ITEMGUID)EQ_Clothing_Civilian_Upperbody_A_1db43091-c844-4ab3-b122-817bfddd5738, (STRING)"ALCOHOL", [out] (INTEGER)1 )
     Query returns: IsTagged( (ITEMGUID)EQ_Clothing_Civilian_Upperbody_A_1db43091-c844-4ab3-b122-817bfddd5738, "ALCOHOL", 0 )
*** Match 11: (var 0 = (ITEMGUID)EQ_Clothing_Civilian_Upperbody_A_1db43091-c844-4ab3-b122-817bfddd5738), (var 1 = (CHARACTERGUID)Focus_PathSkills_Air_Vendor_000_329fcf1f-660c-481a-8ad3-5a21b0c17678), (var 2 = "CHEESE")
exec [DIV query] IsTagged( (GUIDSTRING)(ITEMGUID)EQ_Clothing_Civilian_Upperbody_A_1db43091-c844-4ab3-b122-817bfddd5738, (STRING)"CHEESE", [out] (INTEGER)1 )
     Query returns: IsTagged( (ITEMGUID)EQ_Clothing_Civilian_Upperbody_A_1db43091-c844-4ab3-b122-817bfddd5738, "CHEESE", 0 )
*** Match 12: (var 0 = (ITEMGUID)EQ_Clothing_Civilian_Upperbody_A_1db43091-c844-4ab3-b122-817bfddd5738), (var 1 = (CHARACTERGUID)Focus_PathSkills_Air_Vendor_000_329fcf1f-660c-481a-8ad3-5a21b0c17678), (var 2 = "VEGETABLE")
exec [DIV query] IsTagged( (GUIDSTRING)(ITEMGUID)EQ_Clothing_Civilian_Upperbody_A_1db43091-c844-4ab3-b122-817bfddd5738, (STRING)"VEGETABLE", [out] (INTEGER)1 )
     Query returns: IsTagged( (ITEMGUID)EQ_Clothing_Civilian_Upperbody_A_1db43091-c844-4ab3-b122-817bfddd5738, "VEGETABLE", 0 )
*** Match 13: (var 0 = (ITEMGUID)EQ_Clothing_Civilian_Upperbody_A_1db43091-c844-4ab3-b122-817bfddd5738), (var 1 = (CHARACTERGUID)Focus_PathSkills_Air_Vendor_000_329fcf1f-660c-481a-8ad3-5a21b0c17678), (var 2 = "DRUDANAE")
exec [DIV query] IsTagged( (GUIDSTRING)(ITEMGUID)EQ_Clothing_Civilian_Upperbody_A_1db43091-c844-4ab3-b122-817bfddd5738, (STRING)"DRUDANAE", [out] (INTEGER)1 )
     Query returns: IsTagged( (ITEMGUID)EQ_Clothing_Civilian_Upperbody_A_1db43091-c844-4ab3-b122-817bfddd5738, "DRUDANAE", 0 )
>>> call COsiris::Event
>>> event ItemTemplateAddedToCharacter(EQ_Clothing_Civilian_Upperbody_A_3ec8a86d-1df6-4923-9e7a-ce81800e9438, (ITEMGUID)EQ_Clothing_Civilian_Upperbody_A_1db43091-c844-4ab3-b122-817bfddd5738, (CHARACTERGUID)Focus_PathSkills_Air_Vendor_000_329fcf1f-660c-481a-8ad3-5a21b0c17678)
exec [DIV query] String( (GUIDSTRING)EQ_Clothing_Civilian_Upperbody_A_3ec8a86d-1df6-4923-9e7a-ce81800e9438, [out] (STRING)(undef value) )
     Query returns: String( EQ_Clothing_Civilian_Upperbody_A_3ec8a86d-1df6-4923-9e7a-ce81800e9438, "EQ_Clothing_Civilian_Upperbody_A_3ec8a86d-1df6-4923-9e7a-ce81800e9438" )
>>> call COsiris::Event
>>> event ItemEquipped((ITEMGUID)EQ_Clothing_Civilian_Upperbody_A_1db43091-c844-4ab3-b122-817bfddd5738, (CHARACTERGUID)Focus_PathSkills_Air_Vendor_000_329fcf1f-660c-481a-8ad3-5a21b0c17678)
>>> call COsiris::Event
>>> event ItemTemplateEquipped("EQ_Clothing_Civilian_Upperbody_A_3ec8a86d-1df6-4923-9e7a-ce81800e9438", (CHARACTERGUID)Focus_PathSkills_Air_Vendor_000_329fcf1f-660c-481a-8ad3-5a21b0c17678)
>>> call COsiris::Event
event CharacterEnteredRegion/2 ignored (no rules defined using it)
>>> call COsiris::Event
event CharacterEnteredRegion/2 ignored (no rules defined using it)
>>> call COsiris::Event
event ItemEnteredRegion/2 ignored (no rules defined using it)
>>> call COsiris::Event
>>> event RegionStarted("Focus_PathSkills_TestLevel")

0> RuleActionPart of THEN at line 4814 fires. Rule variables: (STRING)"Focus_PathSkills_TestLevel"
1--> ProcRegisterTriggersForRegion( (STRING)"Focus_PathSkills_TestLevel" ) [Osiris procedure call]
1--> ProcUnregisterTriggersForRegion( (STRING)"Focus_PathSkills_TestLevel" ) [Osiris procedure call]
1--> ProcRegisterTriggersForCharacters( (STRING)"Focus_PathSkills_TestLevel" ) [Osiris procedure call]
1--> ProcUnregisterTriggersForCharacters( (STRING)"Focus_PathSkills_TestLevel" ) [Osiris procedure call]
0> [end of rule action part]


0> RuleActionPart of THEN at line 5095 fires. Rule variables: (STRING)"Focus_PathSkills_TestLevel"
1--> DB_CurrentLevel( (STRING)"Focus_PathSkills_TestLevel" ) [add fact]

1--> RuleActionPart of THEN at line 13744 fires. Rule variables: (STRING)(undef value)
2----> PROC_InvalidateLoopEffects(  ) [Osiris procedure call]
2----> PROC_InvalidateLoopBeamEffects(  ) [Osiris procedure call]
1--> [end of rule action part]


1--> RuleActionPart of THEN at line 26161 fires. Rule variables: (GUIDSTRING)(CHARACTERGUID)S_GLO_CharacterCreationDummy_001_da072fe7-fdd5-42ae-9139-8bd4b9fca406, (STRING)(undef value)
2----> PROC_RemoveCCDummy( (GUIDSTRING)(CHARACTERGUID)S_GLO_CharacterCreationDummy_001_da072fe7-fdd5-42ae-9139-8bd4b9fca406 ) [Osiris procedure call]

2----> RuleActionPart of THEN at line 25950 fires. Rule variables: (GUIDSTRING)(CHARACTERGUID)S_GLO_CharacterCreationDummy_001_da072fe7-fdd5-42ae-9139-8bd4b9fca406
3------> CharacterMakeNPC( (GUIDSTRING)(CHARACTERGUID)S_GLO_CharacterCreationDummy_001_da072fe7-fdd5-42ae-9139-8bd4b9fca406 ) [DIV call]
3------> SetOnStage( (GUIDSTRING)(CHARACTERGUID)S_GLO_CharacterCreationDummy_001_da072fe7-fdd5-42ae-9139-8bd4b9fca406, 0 ) [DIV call]
3------> DB_IsPlayer( (GUIDSTRING)(CHARACTERGUID)S_GLO_CharacterCreationDummy_001_da072fe7-fdd5-42ae-9139-8bd4b9fca406 ) [delete fact]
2----> [end of rule action part]

1--> [end of rule action part]


1--> RuleActionPart of THEN at line 26161 fires. Rule variables: (GUIDSTRING)(CHARACTERGUID)S_GLO_CharacterCreationDummy_002_361dacdc-4135-4d3f-a9a2-3cad46ca246a, (STRING)(undef value)
2----> PROC_RemoveCCDummy( (GUIDSTRING)(CHARACTERGUID)S_GLO_CharacterCreationDummy_002_361dacdc-4135-4d3f-a9a2-3cad46ca246a ) [Osiris procedure call]

2----> RuleActionPart of THEN at line 25950 fires. Rule variables: (GUIDSTRING)(CHARACTERGUID)S_GLO_CharacterCreationDummy_002_361dacdc-4135-4d3f-a9a2-3cad46ca246a
3------> CharacterMakeNPC( (GUIDSTRING)(CHARACTERGUID)S_GLO_CharacterCreationDummy_002_361dacdc-4135-4d3f-a9a2-3cad46ca246a ) [DIV call]
3------> SetOnStage( (GUIDSTRING)(CHARACTERGUID)S_GLO_CharacterCreationDummy_002_361dacdc-4135-4d3f-a9a2-3cad46ca246a, 0 ) [DIV call]
3------> DB_IsPlayer( (GUIDSTRING)(CHARACTERGUID)S_GLO_CharacterCreationDummy_002_361dacdc-4135-4d3f-a9a2-3cad46ca246a ) [delete fact]
2----> [end of rule action part]

1--> [end of rule action part]


1--> RuleActionPart of THEN at line 26161 fires. Rule variables: (GUIDSTRING)(CHARACTERGUID)S_GLO_CharacterCreationDummy_003_dded8c22-b28e-45c1-a074-eb0954602c8a, (STRING)(undef value)
2----> PROC_RemoveCCDummy( (GUIDSTRING)(CHARACTERGUID)S_GLO_CharacterCreationDummy_003_dded8c22-b28e-45c1-a074-eb0954602c8a ) [Osiris procedure call]

2----> RuleActionPart of THEN at line 25950 fires. Rule variables: (GUIDSTRING)(CHARACTERGUID)S_GLO_CharacterCreationDummy_003_dded8c22-b28e-45c1-a074-eb0954602c8a
3------> CharacterMakeNPC( (GUIDSTRING)(CHARACTERGUID)S_GLO_CharacterCreationDummy_003_dded8c22-b28e-45c1-a074-eb0954602c8a ) [DIV call]
3------> SetOnStage( (GUIDSTRING)(CHARACTERGUID)S_GLO_CharacterCreationDummy_003_dded8c22-b28e-45c1-a074-eb0954602c8a, 0 ) [DIV call]
3------> DB_IsPlayer( (GUIDSTRING)(CHARACTERGUID)S_GLO_CharacterCreationDummy_003_dded8c22-b28e-45c1-a074-eb0954602c8a ) [delete fact]
2----> [end of rule action part]

1--> [end of rule action part]


1--> RuleActionPart of THEN at line 26161 fires. Rule variables: (GUIDSTRING)(CHARACTERGUID)S_GLO_CharacterCreationDummy_004_5f93cae7-6c10-4da1-b9a5-0efafc168c8e, (STRING)(undef value)
2----> PROC_RemoveCCDummy( (GUIDSTRING)(CHARACTERGUID)S_GLO_CharacterCreationDummy_004_5f93cae7-6c10-4da1-b9a5-0efafc168c8e ) [Osiris procedure call]

2----> RuleActionPart of THEN at line 25950 fires. Rule variables: (GUIDSTRING)(CHARACTERGUID)S_GLO_CharacterCreationDummy_004_5f93cae7-6c10-4da1-b9a5-0efafc168c8e
3------> CharacterMakeNPC( (GUIDSTRING)(CHARACTERGUID)S_GLO_CharacterCreationDummy_004_5f93cae7-6c10-4da1-b9a5-0efafc168c8e ) [DIV call]
3------> SetOnStage( (GUIDSTRING)(CHARACTERGUID)S_GLO_CharacterCreationDummy_004_5f93cae7-6c10-4da1-b9a5-0efafc168c8e, 0 ) [DIV call]
3------> DB_IsPlayer( (GUIDSTRING)(CHARACTERGUID)S_GLO_CharacterCreationDummy_004_5f93cae7-6c10-4da1-b9a5-0efafc168c8e ) [delete fact]
2----> [end of rule action part]

1--> [end of rule action part]


1--> RuleActionPart of THEN at line 26169 fires. Rule variables: (STRING)(undef value)
2----> PROC_SelectRandomStartOrigin(  ) [Osiris procedure call]
exec [internal query] SysCount( "DB_Origins", 1, [out] (INTEGER)(undef value) )
     Query returns: SysCount( "DB_Origins", 1, 0 )

2----> RuleActionPart of THEN at line 26073 fires. Rule variables: 
3------> DB_RandomOriginCounter( 0 ) [add fact]
2----> [end of rule action part]


2----> RuleActionPart of THEN at line 26128 fires. Rule variables: (INTEGER)0
3------> DB_RandomOriginCounter( (INTEGER)0 ) [delete fact]
2----> [end of rule action part]


2----> RuleActionPart of THEN at line 26135 fires. Rule variables: (GUIDSTRING)(undef value)
3------> PROC_TrySelectRandomStartOrigin( 0, 0, (CHARACTERGUID)CHARACTERGUID_S_GLO_CharacterCreationDummy_001_da072fe7-fdd5-42ae-9139-8bd4b9fca406 ) [Osiris procedure call]

3------> RuleActionPart of THEN at line 26095 fires. Rule variables: (INTEGER)0, (INTEGER)0, (GUIDSTRING)(CHARACTERGUID)CHARACTERGUID_S_GLO_CharacterCreationDummy_001_da072fe7-fdd5-42ae-9139-8bd4b9fca406
4--------> SetOnStage( (GUIDSTRING)(CHARACTERGUID)CHARACTERGUID_S_GLO_CharacterCreationDummy_001_da072fe7-fdd5-42ae-9139-8bd4b9fca406, 1 ) [DIV call]
4--------> CharacterMakePlayer( (GUIDSTRING)(CHARACTERGUID)CHARACTERGUID_S_GLO_CharacterCreationDummy_001_da072fe7-fdd5-42ae-9139-8bd4b9fca406, (CHARACTERGUID)NULL_00000000-0000-0000-0000-000000000000 ) [DIV call]
4--------> DB_IsPlayer( (GUIDSTRING)(CHARACTERGUID)CHARACTERGUID_S_GLO_CharacterCreationDummy_001_da072fe7-fdd5-42ae-9139-8bd4b9fca406 ) [add fact]
exec [DIV query] CharacterHasTalent( (GUIDSTRING)(CHARACTERGUID)CHARACTERGUID_S_GLO_CharacterCreationDummy_001_da072fe7-fdd5-42ae-9139-8bd4b9fca406, "AnimalEmpathy", [out] (INTEGER)1 )
     Query returns: CharacterHasTalent( (CHARACTERGUID)CHARACTERGUID_S_GLO_CharacterCreationDummy_001_da072fe7-fdd5-42ae-9139-8bd4b9fca406, "AnimalEmpathy", 0 )
exec [DIV query] IsTagged( (GUIDSTRING)(CHARACTERGUID)CHARACTERGUID_S_GLO_CharacterCreationDummy_001_da072fe7-fdd5-42ae-9139-8bd4b9fca406, "AVATAR", [out] (INTEGER)1 )
     Query returns: IsTagged( (CHARACTERGUID)CHARACTERGUID_S_GLO_CharacterCreationDummy_001_da072fe7-fdd5-42ae-9139-8bd4b9fca406, "AVATAR", 0 )

4--------> RuleActionPart of THEN at line 17794 fires. Rule variables: (GUIDSTRING)(CHARACTERGUID)CHARACTERGUID_S_GLO_CharacterCreationDummy_001_da072fe7-fdd5-42ae-9139-8bd4b9fca406
5----------> ProcReservePolymorphShapes( (GUIDSTRING)(CHARACTERGUID)CHARACTERGUID_S_GLO_CharacterCreationDummy_001_da072fe7-fdd5-42ae-9139-8bd4b9fca406 ) [Osiris procedure call]
5----------> ProcMarkUndeadOrigin( (GUIDSTRING)(CHARACTERGUID)CHARACTERGUID_S_GLO_CharacterCreationDummy_001_da072fe7-fdd5-42ae-9139-8bd4b9fca406 ) [Osiris procedure call]
exec [DIV query] IsTagged( (GUIDSTRING)(CHARACTERGUID)CHARACTERGUID_S_GLO_CharacterCreationDummy_001_da072fe7-fdd5-42ae-9139-8bd4b9fca406, "UNDEAD", [out] (INTEGER)1 )
     Query returns: IsTagged( (CHARACTERGUID)CHARACTERGUID_S_GLO_CharacterCreationDummy_001_da072fe7-fdd5-42ae-9139-8bd4b9fca406, "UNDEAD", 0 )
4--------> [end of rule action part]


4--------> RuleActionPart of THEN at line 17870 fires. Rule variables: (GUIDSTRING)(CHARACTERGUID)CHARACTERGUID_S_GLO_CharacterCreationDummy_001_da072fe7-fdd5-42ae-9139-8bd4b9fca406
5----------> PROC_GLO_SetOriginalRaceTag( (GUIDSTRING)(CHARACTERGUID)CHARACTERGUID_S_GLO_CharacterCreationDummy_001_da072fe7-fdd5-42ae-9139-8bd4b9fca406 ) [Osiris procedure call]
exec [DIV query] CharacterGetRace( (GUIDSTRING)(CHARACTERGUID)CHARACTERGUID_S_GLO_CharacterCreationDummy_001_da072fe7-fdd5-42ae-9139-8bd4b9fca406, 0, [out] (STRING)(undef value) )
     Query returns: CharacterGetRace( (CHARACTERGUID)CHARACTERGUID_S_GLO_CharacterCreationDummy_001_da072fe7-fdd5-42ae-9139-8bd4b9fca406, 0, "Human" )

5----------> RuleActionPart of THEN at line 17878 fires. Rule variables: (GUIDSTRING)(CHARACTERGUID)CHARACTERGUID_S_GLO_CharacterCreationDummy_001_da072fe7-fdd5-42ae-9139-8bd4b9fca406, (STRING)"Human", (STRING)"REALLY_HUMAN"
6------------> SetTag( (GUIDSTRING)(CHARACTERGUID)CHARACTERGUID_S_GLO_CharacterCreationDummy_001_da072fe7-fdd5-42ae-9139-8bd4b9fca406, (STRING)"REALLY_HUMAN" ) [DIV call]
5----------> [end of rule action part]

4--------> [end of rule action part]


4--------> RuleActionPart of THEN at line 21331 fires. Rule variables: (GUIDSTRING)(undef value)
5----------> ProcFixPlayerAlignments(  ) [Osiris procedure call]
exec [DIV query] IsInArena( (GUIDSTRING)(CHARACTERGUID)CHARACTERGUID_S_GLO_CharacterCreationDummy_001_da072fe7-fdd5-42ae-9139-8bd4b9fca406, [out] (INTEGER)0 )
     Query returns: IsInArena( (CHARACTERGUID)CHARACTERGUID_S_GLO_CharacterCreationDummy_001_da072fe7-fdd5-42ae-9139-8bd4b9fca406, 0 )
exec [DIV query] CharacterIsPlayer( (GUIDSTRING)(CHARACTERGUID)CHARACTERGUID_S_GLO_CharacterCreationDummy_001_da072fe7-fdd5-42ae-9139-8bd4b9fca406, [out] (INTEGER)1 )
     Query returns: CharacterIsPlayer( (CHARACTERGUID)CHARACTERGUID_S_GLO_CharacterCreationDummy_001_da072fe7-fdd5-42ae-9139-8bd4b9fca406, 1 )
exec [DIV query] IsInArena( (GUIDSTRING)(CHARACTERGUID)CHARACTERGUID_S_GLO_CharacterCreationDummy_001_da072fe7-fdd5-42ae-9139-8bd4b9fca406, [out] (INTEGER)0 )
     Query returns: IsInArena( (CHARACTERGUID)CHARACTERGUID_S_GLO_CharacterCreationDummy_001_da072fe7-fdd5-42ae-9139-8bd4b9fca406, 0 )
4--------> [end of rule action part]

4--------> SetTag( (GUIDSTRING)(CHARACTERGUID)CHARACTERGUID_S_GLO_CharacterCreationDummy_001_da072fe7-fdd5-42ae-9139-8bd4b9fca406, "AVATAR" ) [DIV call]
4--------> CharacterPurgeQueue( (GUIDSTRING)(CHARACTERGUID)CHARACTERGUID_S_GLO_CharacterCreationDummy_001_da072fe7-fdd5-42ae-9139-8bd4b9fca406 ) [DIV call]
4--------> TeleportTo( (GUIDSTRING)(CHARACTERGUID)CHARACTERGUID_S_GLO_CharacterCreationDummy_001_da072fe7-fdd5-42ae-9139-8bd4b9fca406, CHARACTERGUID_S_GLO_CharacterCreationDummy_001_da072fe7-fdd5-42ae-9139-8bd4b9fca406, "ChosenPlayerTeleported", 1 ) [Osiris procedure call]

4--------> RuleActionPart of THEN at line 19098 fires. Rule variables: (GUIDSTRING)(CHARACTERGUID)CHARACTERGUID_S_GLO_CharacterCreationDummy_001_da072fe7-fdd5-42ae-9139-8bd4b9fca406, (GUIDSTRING)CHARACTERGUID_S_GLO_CharacterCreationDummy_001_da072fe7-fdd5-42ae-9139-8bd4b9fca406, (STRING)"ChosenPlayerTeleported", (INTEGER)1
5----------> TeleportTo( (GUIDSTRING)(CHARACTERGUID)CHARACTERGUID_S_GLO_CharacterCreationDummy_001_da072fe7-fdd5-42ae-9139-8bd4b9fca406, (GUIDSTRING)CHARACTERGUID_S_GLO_CharacterCreationDummy_001_da072fe7-fdd5-42ae-9139-8bd4b9fca406, (STRING)"ChosenPlayerTeleported", (INTEGER)1, 0, 0 ) [DIV call]
4--------> [end of rule action part]

4--------> DB_ChosenOriginWaitingForTeleport( (GUIDSTRING)(CHARACTERGUID)CHARACTERGUID_S_GLO_CharacterCreationDummy_001_da072fe7-fdd5-42ae-9139-8bd4b9fca406 ) [add fact]
4--------> MakePlayerActive( (GUIDSTRING)(CHARACTERGUID)CHARACTERGUID_S_GLO_CharacterCreationDummy_001_da072fe7-fdd5-42ae-9139-8bd4b9fca406 ) [DIV call]
4--------> ProcSetupGenericOrigin( (GUIDSTRING)(CHARACTERGUID)CHARACTERGUID_S_GLO_CharacterCreationDummy_001_da072fe7-fdd5-42ae-9139-8bd4b9fca406 ) [Osiris procedure call]

4--------> RuleActionPart of THEN at line 26107 fires. Rule variables: (GUIDSTRING)(CHARACTERGUID)CHARACTERGUID_S_GLO_CharacterCreationDummy_001_da072fe7-fdd5-42ae-9139-8bd4b9fca406
5----------> DB_NOOP( 1 ) [add fact]
4--------> [end of rule action part]

3------> [end of rule action part]

exec [DIV query] IntegerSum( 1, (INTEGER)0, [out] (INTEGER)(undef value) )
     Query returns: IntegerSum( 1, 0, 1 )
2----> [end of rule action part]

2----> PROC_CheckRemoveOtherOrigins(  ) [Osiris procedure call]
exec [Osi user query] QueryOnlyOnce( "SetupNonSelectedOrigins" )

2----> RuleActionPart of THEN at line 19529 fires. Rule variables: (STRING)"SetupNonSelectedOrigins"
3------> DB_OnlyOnce( (STRING)"SetupNonSelectedOrigins" ) [add fact]
2----> [end of rule action part]

     Query returns: QueryOnlyOnce( "SetupNonSelectedOrigins" )

2----> RuleActionPart of THEN at line 25743 fires. Rule variables: 
3------> ProcRemoveOtherOrigins(  ) [Osiris procedure call]
*** Multiple match ***
*** Left node:  (node 9003): (LeftParent: 8998, RightParent: 8794) AND node.
*** Right node: (node 8794): DB_GenericOrigins( (CHARACTERGUID)_ ).
*** 4 tuples satisfy select desc: .
*** Multiple match End lists right node's database: ***

DBase contents of DB_GenericOrigins( (CHARACTERGUID)_ )
------------------------------------------------------
(CHARACTERGUID)S_Player_GenericOrigin_7b6c1f26-fe4e-40bd-a5d0-e6ff58cef4fe
(CHARACTERGUID)S_Player_GenericOrigin2_c451954c-73bf-46ce-a1d1-caa9bbdc3cfd
(CHARACTERGUID)S_Player_GenericOrigin3_41a06985-7851-4c29-8a78-398ccb313f39
(CHARACTERGUID)S_Player_GenericOrigin4_41a594ed-b768-4289-9f17-59f701cc6910

*** Match 1: (var 0 = (CHARACTERGUID)S_Player_GenericOrigin_7b6c1f26-fe4e-40bd-a5d0-e6ff58cef4fe)
exec [DIV query] IsTagged( (GUIDSTRING)(CHARACTERGUID)S_Player_GenericOrigin_7b6c1f26-fe4e-40bd-a5d0-e6ff58cef4fe, "AVATAR", [out] (INTEGER)0 )
     Query returns: IsTagged( (CHARACTERGUID)S_Player_GenericOrigin_7b6c1f26-fe4e-40bd-a5d0-e6ff58cef4fe, "AVATAR", 0 )

3------> RuleActionPart of THEN at line 25759 fires. Rule variables: (GUIDSTRING)(CHARACTERGUID)S_Player_GenericOrigin_7b6c1f26-fe4e-40bd-a5d0-e6ff58cef4fe
4--------> CharacterMakeNPC( (GUIDSTRING)(CHARACTERGUID)S_Player_GenericOrigin_7b6c1f26-fe4e-40bd-a5d0-e6ff58cef4fe ) [DIV call]
4--------> SetOnStage( (GUIDSTRING)(CHARACTERGUID)S_Player_GenericOrigin_7b6c1f26-fe4e-40bd-a5d0-e6ff58cef4fe, 0 ) [DIV call]
3------> [end of rule action part]

*** Match 2: (var 0 = (CHARACTERGUID)S_Player_GenericOrigin2_c451954c-73bf-46ce-a1d1-caa9bbdc3cfd)
exec [DIV query] IsTagged( (GUIDSTRING)(CHARACTERGUID)S_Player_GenericOrigin2_c451954c-73bf-46ce-a1d1-caa9bbdc3cfd, "AVATAR", [out] (INTEGER)0 )
     Query returns: IsTagged( (CHARACTERGUID)S_Player_GenericOrigin2_c451954c-73bf-46ce-a1d1-caa9bbdc3cfd, "AVATAR", 0 )

3------> RuleActionPart of THEN at line 25759 fires. Rule variables: (GUIDSTRING)(CHARACTERGUID)S_Player_GenericOrigin2_c451954c-73bf-46ce-a1d1-caa9bbdc3cfd
4--------> CharacterMakeNPC( (GUIDSTRING)(CHARACTERGUID)S_Player_GenericOrigin2_c451954c-73bf-46ce-a1d1-caa9bbdc3cfd ) [DIV call]
4--------> SetOnStage( (GUIDSTRING)(CHARACTERGUID)S_Player_GenericOrigin2_c451954c-73bf-46ce-a1d1-caa9bbdc3cfd, 0 ) [DIV call]
3------> [end of rule action part]

*** Match 3: (var 0 = (CHARACTERGUID)S_Player_GenericOrigin3_41a06985-7851-4c29-8a78-398ccb313f39)
exec [DIV query] IsTagged( (GUIDSTRING)(CHARACTERGUID)S_Player_GenericOrigin3_41a06985-7851-4c29-8a78-398ccb313f39, "AVATAR", [out] (INTEGER)0 )
     Query returns: IsTagged( (CHARACTERGUID)S_Player_GenericOrigin3_41a06985-7851-4c29-8a78-398ccb313f39, "AVATAR", 0 )

3------> RuleActionPart of THEN at line 25759 fires. Rule variables: (GUIDSTRING)(CHARACTERGUID)S_Player_GenericOrigin3_41a06985-7851-4c29-8a78-398ccb313f39
4--------> CharacterMakeNPC( (GUIDSTRING)(CHARACTERGUID)S_Player_GenericOrigin3_41a06985-7851-4c29-8a78-398ccb313f39 ) [DIV call]
4--------> SetOnStage( (GUIDSTRING)(CHARACTERGUID)S_Player_GenericOrigin3_41a06985-7851-4c29-8a78-398ccb313f39, 0 ) [DIV call]
3------> [end of rule action part]

*** Match 4: (var 0 = (CHARACTERGUID)S_Player_GenericOrigin4_41a594ed-b768-4289-9f17-59f701cc6910)
exec [DIV query] IsTagged( (GUIDSTRING)(CHARACTERGUID)S_Player_GenericOrigin4_41a594ed-b768-4289-9f17-59f701cc6910, "AVATAR", [out] (INTEGER)0 )
     Query returns: IsTagged( (CHARACTERGUID)S_Player_GenericOrigin4_41a594ed-b768-4289-9f17-59f701cc6910, "AVATAR", 0 )

3------> RuleActionPart of THEN at line 25759 fires. Rule variables: (GUIDSTRING)(CHARACTERGUID)S_Player_GenericOrigin4_41a594ed-b768-4289-9f17-59f701cc6910
4--------> CharacterMakeNPC( (GUIDSTRING)(CHARACTERGUID)S_Player_GenericOrigin4_41a594ed-b768-4289-9f17-59f701cc6910 ) [DIV call]
4--------> SetOnStage( (GUIDSTRING)(CHARACTERGUID)S_Player_GenericOrigin4_41a594ed-b768-4289-9f17-59f701cc6910, 0 ) [DIV call]
3------> [end of rule action part]

2----> [end of rule action part]

1--> [end of rule action part]


1--> RuleActionPart of THEN at line 26177 fires. Rule variables: (STRING)(undef value)
2----> GoalCompleted; ("Z_Shared_CharacterCreation") (GoalID == 67)

exec EXIT section of goal "Z_Shared_CharacterCreation" (#67):
exec EXIT section of goal "Z_Shared_CharacterCreation" (#67) END

2----> PROC_Shared_CharacterCreationFinished(  ) [Osiris procedure call]
1--> [end of rule action part]

0> [end of rule action part]


0> RuleActionPart of THEN at line 10197 fires. Rule variables: (STRING)"Focus_PathSkills_TestLevel"
1--> PROC_Init_SetItemOwners( (STRING)"Focus_PathSkills_TestLevel" ) [Osiris procedure call]
1--> PROC_Init_ClearItemOwners( (STRING)"Focus_PathSkills_TestLevel" ) [Osiris procedure call]
0> [end of rule action part]

exec [DIV query] StringConcatenate( "GLO_Origins_OriginNPCInitForRegion_", (STRING)"Focus_PathSkills_TestLevel", [out] (STRING)(undef value) )
     Query returns: StringConcatenate( "GLO_Origins_OriginNPCInitForRegion_", "Focus_PathSkills_TestLevel", "GLO_Origins_OriginNPCInitForRegion_Focus_PathSkills_TestLevel" )
exec [Osi user query] QueryOnlyOnce( (STRING)"GLO_Origins_OriginNPCInitForRegion_Focus_PathSkills_TestLevel" )

0> RuleActionPart of THEN at line 19529 fires. Rule variables: (STRING)"GLO_Origins_OriginNPCInitForRegion_Focus_PathSkills_TestLevel"
1--> DB_OnlyOnce( (STRING)"GLO_Origins_OriginNPCInitForRegion_Focus_PathSkills_TestLevel" ) [add fact]
0> [end of rule action part]

     Query returns: QueryOnlyOnce( "GLO_Origins_OriginNPCInitForRegion_Focus_PathSkills_TestLevel" )

0> RuleActionPart of THEN at line 11217 fires. Rule variables: (STRING)"Focus_PathSkills_TestLevel", (STRING)"GLO_Origins_OriginNPCInitForRegion_Focus_PathSkills_TestLevel"
1--> PROC_GLO_OriginNPCInitForRegion( (STRING)"Focus_PathSkills_TestLevel" ) [Osiris procedure call]
exec [DIV query] IsGameLevel( (STRING)"Focus_PathSkills_TestLevel", [out] (INTEGER)1 )
     Query returns: IsGameLevel( "Focus_PathSkills_TestLevel", 1 )
0> [end of rule action part]


0> RuleActionPart of THEN at line 26234 fires. Rule variables: (STRING)(undef value), (GUIDSTRING)(CHARACTERGUID)CHARACTERGUID_S_GLO_CharacterCreationDummy_001_da072fe7-fdd5-42ae-9139-8bd4b9fca406
1--> DB_ChosenOriginWaitingForTeleport( (GUIDSTRING)(CHARACTERGUID)CHARACTERGUID_S_GLO_CharacterCreationDummy_001_da072fe7-fdd5-42ae-9139-8bd4b9fca406 ) [delete fact]
1--> CharacterPurgeQueue( (GUIDSTRING)(CHARACTERGUID)CHARACTERGUID_S_GLO_CharacterCreationDummy_001_da072fe7-fdd5-42ae-9139-8bd4b9fca406 ) [DIV call]
0> [end of rule action part]

exec [DIV query] IsGameLevel( (STRING)"Focus_PathSkills_TestLevel", [out] (INTEGER)1 )
     Query returns: IsGameLevel( "Focus_PathSkills_TestLevel", 1 )

0> RuleActionPart of THEN at line 26243 fires. Rule variables: (STRING)"Focus_PathSkills_TestLevel"
1--> GoalCompleted; ("Z_Shared_CharacterCreation_AfterEvents") (GoalID == 68)

exec EXIT section of goal "Z_Shared_CharacterCreation_AfterEvents" (#68):
exec EXIT section of goal "Z_Shared_CharacterCreation_AfterEvents" (#68) END

0> [end of rule action part]

>>> call COsiris::Event
>>> event ObjectWasTagged(7b6c1f26-fe4e-40bd-a5d0-e6ff58cef4fe, "GENERIC")
>>> call COsiris::Event
>>> event ObjectWasTagged(7b6c1f26-fe4e-40bd-a5d0-e6ff58cef4fe, "REALLY_GENERIC")
>>> call COsiris::Event
>>> event ObjectWasTagged(c451954c-73bf-46ce-a1d1-caa9bbdc3cfd, "GENERIC")
>>> call COsiris::Event
>>> event ObjectWasTagged(c451954c-73bf-46ce-a1d1-caa9bbdc3cfd, "REALLY_GENERIC")
>>> call COsiris::Event
>>> event ObjectWasTagged(41a06985-7851-4c29-8a78-398ccb313f39, "GENERIC")
>>> call COsiris::Event
>>> event ObjectWasTagged(41a06985-7851-4c29-8a78-398ccb313f39, "REALLY_GENERIC")
>>> call COsiris::Event
>>> event ObjectWasTagged(41a594ed-b768-4289-9f17-59f701cc6910, "GENERIC")
>>> call COsiris::Event
>>> event ObjectWasTagged(41a594ed-b768-4289-9f17-59f701cc6910, "REALLY_GENERIC")
>>> call COsiris::Event
>>> event CharacterLeftParty((CHARACTERGUID)S_GLO_CharacterCreationDummy_001_da072fe7-fdd5-42ae-9139-8bd4b9fca406)
exec [DIV query] ObjectExists( (GUIDSTRING)(CHARACTERGUID)S_GLO_CharacterCreationDummy_001_da072fe7-fdd5-42ae-9139-8bd4b9fca406, [out] (INTEGER)1 )
     Query returns: ObjectExists( (CHARACTERGUID)S_GLO_CharacterCreationDummy_001_da072fe7-fdd5-42ae-9139-8bd4b9fca406, 1 )
exec [DIV query] IsTagged( (GUIDSTRING)(CHARACTERGUID)S_GLO_CharacterCreationDummy_001_da072fe7-fdd5-42ae-9139-8bd4b9fca406, "SUMMON", [out] (INTEGER)1 )
     Query returns: IsTagged( (CHARACTERGUID)S_GLO_CharacterCreationDummy_001_da072fe7-fdd5-42ae-9139-8bd4b9fca406, "SUMMON", 0 )
exec [DIV query] IsTagged( (GUIDSTRING)(CHARACTERGUID)S_GLO_CharacterCreationDummy_001_da072fe7-fdd5-42ae-9139-8bd4b9fca406, "SUMMON", [out] (INTEGER)1 )
     Query returns: IsTagged( (CHARACTERGUID)S_GLO_CharacterCreationDummy_001_da072fe7-fdd5-42ae-9139-8bd4b9fca406, "SUMMON", 0 )
>>> call COsiris::Event
>>> event CharacterReservedUserIDChanged((CHARACTERGUID)S_GLO_CharacterCreationDummy_001_da072fe7-fdd5-42ae-9139-8bd4b9fca406, 65537, -65536)

0> RuleActionPart of THEN at line 10962 fires. Rule variables: (GUIDSTRING)(CHARACTERGUID)S_GLO_CharacterCreationDummy_001_da072fe7-fdd5-42ae-9139-8bd4b9fca406, (INTEGER)(undef value), (INTEGER)-65536
1--> PROC_GLO_LVHub_PlayerChests_Init(  ) [Osiris procedure call]

1--> RuleActionPart of THEN at line 10888 fires. Rule variables: 
2----> DB_GLO_LVHub_PlayerChests_InitialAssignment( 1 ) [add fact]
1--> [end of rule action part]

exec [DIV query] GetUserCount( [out] (INTEGER)(undef value) )
     Query returns: GetUserCount( 1 )

1--> RuleActionPart of THEN at line 10914 fires. Rule variables: (INTEGER)1
2----> DB_GlobalCounter( "GLO_LVHub_Playerchests_Init_Pass1UserCount", (INTEGER)1 ) [add fact]

2----> RuleActionPart of THEN at line 10929 fires. Rule variables: 
3------> DB_GlobalCounter( "GLO_LVHub_Playerchests_Init_Pass1UserCount", 1 ) [delete fact]
3------> PROC_LVHub_UserChests_InitialAssignmentDone(  ) [Osiris procedure call]

3------> RuleActionPart of THEN at line 10943 fires. Rule variables: 
4--------> DB_GLO_LVHub_PlayerChests_InitialAssignment( 1 ) [delete fact]
3------> [end of rule action part]

2----> [end of rule action part]

2----> IterateUsers( "GLO_LVHub_PlayerChests_Init_Pass1" ) [DIV call]
1--> [end of rule action part]

0> [end of rule action part]


0> RuleActionPart of THEN at line 14220 fires. Rule variables: (GUIDSTRING)(CHARACTERGUID)S_GLO_CharacterCreationDummy_001_da072fe7-fdd5-42ae-9139-8bd4b9fca406, (INTEGER)(undef value), (INTEGER)(undef value)
1--> DB_IgnoreReservedChanged( (GUIDSTRING)(CHARACTERGUID)S_GLO_CharacterCreationDummy_001_da072fe7-fdd5-42ae-9139-8bd4b9fca406 ) [delete fact]
0> [end of rule action part]


0> RuleActionPart of THEN at line 15200 fires. Rule variables: (GUIDSTRING)(CHARACTERGUID)S_GLO_CharacterCreationDummy_001_da072fe7-fdd5-42ae-9139-8bd4b9fca406, (INTEGER)(undef value), (INTEGER)-65536
1--> ProcMigrateQuestsForUser( (INTEGER)-65536, (GUIDSTRING)(CHARACTERGUID)S_GLO_CharacterCreationDummy_001_da072fe7-fdd5-42ae-9139-8bd4b9fca406 ) [Osiris procedure call]
exec [DIV query] CharacterGetReservedUserID( (GUIDSTRING)(CHARACTERGUID)CHARACTERGUID_S_GLO_CharacterCreationDummy_001_da072fe7-fdd5-42ae-9139-8bd4b9fca406, [out] (INTEGER)-65536 )
     Query returns: CharacterGetReservedUserID( (CHARACTERGUID)CHARACTERGUID_S_GLO_CharacterCreationDummy_001_da072fe7-fdd5-42ae-9139-8bd4b9fca406, 65537 )
0> [end of rule action part]


0> RuleActionPart of THEN at line 15204 fires. Rule variables: (GUIDSTRING)(CHARACTERGUID)S_GLO_CharacterCreationDummy_001_da072fe7-fdd5-42ae-9139-8bd4b9fca406, (INTEGER)(undef value), (INTEGER)(undef value)
1--> DB_JournalIgnoreReservedChanged( (GUIDSTRING)(CHARACTERGUID)S_GLO_CharacterCreationDummy_001_da072fe7-fdd5-42ae-9139-8bd4b9fca406 ) [delete fact]
0> [end of rule action part]


0> RuleActionPart of THEN at line 19670 fires. Rule variables: (GUIDSTRING)(CHARACTERGUID)S_GLO_CharacterCreationDummy_001_da072fe7-fdd5-42ae-9139-8bd4b9fca406, (INTEGER)(undef value), (INTEGER)-65536
1--> DB_UnregisterForUserIDChanged( 1 ) [delete fact]
0> [end of rule action part]


0> RuleActionPart of THEN at line 21327 fires. Rule variables: (GUIDSTRING)(undef value), (INTEGER)(undef value), (INTEGER)(undef value)
1--> ProcFixPlayerAlignments(  ) [Osiris procedure call]
exec [DIV query] IsInArena( (GUIDSTRING)(CHARACTERGUID)CHARACTERGUID_S_GLO_CharacterCreationDummy_001_da072fe7-fdd5-42ae-9139-8bd4b9fca406, [out] (INTEGER)0 )
     Query returns: IsInArena( (CHARACTERGUID)CHARACTERGUID_S_GLO_CharacterCreationDummy_001_da072fe7-fdd5-42ae-9139-8bd4b9fca406, 0 )
exec [DIV query] CharacterIsPlayer( (GUIDSTRING)(CHARACTERGUID)CHARACTERGUID_S_GLO_CharacterCreationDummy_001_da072fe7-fdd5-42ae-9139-8bd4b9fca406, [out] (INTEGER)1 )
     Query returns: CharacterIsPlayer( (CHARACTERGUID)CHARACTERGUID_S_GLO_CharacterCreationDummy_001_da072fe7-fdd5-42ae-9139-8bd4b9fca406, 1 )
exec [DIV query] IsInArena( (GUIDSTRING)(CHARACTERGUID)CHARACTERGUID_S_GLO_CharacterCreationDummy_001_da072fe7-fdd5-42ae-9139-8bd4b9fca406, [out] (INTEGER)0 )
     Query returns: IsInArena( (CHARACTERGUID)CHARACTERGUID_S_GLO_CharacterCreationDummy_001_da072fe7-fdd5-42ae-9139-8bd4b9fca406, 0 )
0> [end of rule action part]

exec [DIV query] GlobalGetFlag( "Arena_RequestingLastManStanding", [out] (INTEGER)1 )
     Query returns: GlobalGetFlag( "Arena_RequestingLastManStanding", 0 )
>>> call COsiris::Event
event OnStageChanged/2 ignored (no rules defined using it)
>>> call COsiris::Event
>>> event CharacterWentOnStage((CHARACTERGUID)S_GLO_CharacterCreationDummy_001_da072fe7-fdd5-42ae-9139-8bd4b9fca406, 0)
exec [DIV query] ObjectIsCharacter( (GUIDSTRING)(CHARACTERGUID)S_GLO_CharacterCreationDummy_001_da072fe7-fdd5-42ae-9139-8bd4b9fca406, [out] (INTEGER)1 )
     Query returns: ObjectIsCharacter( (CHARACTERGUID)S_GLO_CharacterCreationDummy_001_da072fe7-fdd5-42ae-9139-8bd4b9fca406, 1 )
>>> call COsiris::Event
event OnStageChanged/2 ignored (no rules defined using it)
>>> call COsiris::Event
>>> event CharacterWentOnStage((CHARACTERGUID)S_GLO_CharacterCreationDummy_002_361dacdc-4135-4d3f-a9a2-3cad46ca246a, 0)
exec [DIV query] ObjectIsCharacter( (GUIDSTRING)(CHARACTERGUID)S_GLO_CharacterCreationDummy_002_361dacdc-4135-4d3f-a9a2-3cad46ca246a, [out] (INTEGER)1 )
     Query returns: ObjectIsCharacter( (CHARACTERGUID)S_GLO_CharacterCreationDummy_002_361dacdc-4135-4d3f-a9a2-3cad46ca246a, 1 )
>>> call COsiris::Event
event OnStageChanged/2 ignored (no rules defined using it)
>>> call COsiris::Event
>>> event CharacterWentOnStage((CHARACTERGUID)S_GLO_CharacterCreationDummy_003_dded8c22-b28e-45c1-a074-eb0954602c8a, 0)
exec [DIV query] ObjectIsCharacter( (GUIDSTRING)(CHARACTERGUID)S_GLO_CharacterCreationDummy_003_dded8c22-b28e-45c1-a074-eb0954602c8a, [out] (INTEGER)1 )
     Query returns: ObjectIsCharacter( (CHARACTERGUID)S_GLO_CharacterCreationDummy_003_dded8c22-b28e-45c1-a074-eb0954602c8a, 1 )
>>> call COsiris::Event
event OnStageChanged/2 ignored (no rules defined using it)
>>> call COsiris::Event
>>> event CharacterWentOnStage((CHARACTERGUID)S_GLO_CharacterCreationDummy_004_5f93cae7-6c10-4da1-b9a5-0efafc168c8e, 0)
exec [DIV query] ObjectIsCharacter( (GUIDSTRING)(CHARACTERGUID)S_GLO_CharacterCreationDummy_004_5f93cae7-6c10-4da1-b9a5-0efafc168c8e, [out] (INTEGER)1 )
     Query returns: ObjectIsCharacter( (CHARACTERGUID)S_GLO_CharacterCreationDummy_004_5f93cae7-6c10-4da1-b9a5-0efafc168c8e, 1 )
>>> call COsiris::Event
event OnStageChanged/2 ignored (no rules defined using it)
>>> call COsiris::Event
>>> event CharacterWentOnStage((CHARACTERGUID)S_GLO_CharacterCreationDummy_001_da072fe7-fdd5-42ae-9139-8bd4b9fca406, 1)
>>> call COsiris::Event
>>> event CharacterMadePlayer((CHARACTERGUID)S_GLO_CharacterCreationDummy_001_da072fe7-fdd5-42ae-9139-8bd4b9fca406)

0> RuleActionPart of THEN at line 14204 fires. Rule variables: (GUIDSTRING)(CHARACTERGUID)S_GLO_CharacterCreationDummy_001_da072fe7-fdd5-42ae-9139-8bd4b9fca406
1--> DB_IgnoreReservedChanged( (GUIDSTRING)(CHARACTERGUID)S_GLO_CharacterCreationDummy_001_da072fe7-fdd5-42ae-9139-8bd4b9fca406 ) [add fact]
0> [end of rule action part]


0> RuleActionPart of THEN at line 15192 fires. Rule variables: (GUIDSTRING)(CHARACTERGUID)S_GLO_CharacterCreationDummy_001_da072fe7-fdd5-42ae-9139-8bd4b9fca406
1--> DB_JournalIgnoreReservedChanged( (GUIDSTRING)(CHARACTERGUID)S_GLO_CharacterCreationDummy_001_da072fe7-fdd5-42ae-9139-8bd4b9fca406 ) [add fact]
0> [end of rule action part]

>>> call COsiris::Event
>>> event CharacterReservedUserIDChanged((CHARACTERGUID)S_GLO_CharacterCreationDummy_001_da072fe7-fdd5-42ae-9139-8bd4b9fca406, -65536, 65537)

0> RuleActionPart of THEN at line 10962 fires. Rule variables: (GUIDSTRING)(CHARACTERGUID)S_GLO_CharacterCreationDummy_001_da072fe7-fdd5-42ae-9139-8bd4b9fca406, (INTEGER)(undef value), (INTEGER)65537
1--> PROC_GLO_LVHub_PlayerChests_Init(  ) [Osiris procedure call]

1--> RuleActionPart of THEN at line 10888 fires. Rule variables: 
2----> DB_GLO_LVHub_PlayerChests_InitialAssignment( 1 ) [add fact]
1--> [end of rule action part]

exec [DIV query] GetUserCount( [out] (INTEGER)(undef value) )
     Query returns: GetUserCount( 1 )

1--> RuleActionPart of THEN at line 10914 fires. Rule variables: (INTEGER)1
2----> DB_GlobalCounter( "GLO_LVHub_Playerchests_Init_Pass1UserCount", (INTEGER)1 ) [add fact]

2----> RuleActionPart of THEN at line 10929 fires. Rule variables: 
3------> DB_GlobalCounter( "GLO_LVHub_Playerchests_Init_Pass1UserCount", 1 ) [delete fact]
3------> PROC_LVHub_UserChests_InitialAssignmentDone(  ) [Osiris procedure call]

3------> RuleActionPart of THEN at line 10943 fires. Rule variables: 
4--------> DB_GLO_LVHub_PlayerChests_InitialAssignment( 1 ) [delete fact]
3------> [end of rule action part]

2----> [end of rule action part]

2----> IterateUsers( "GLO_LVHub_PlayerChests_Init_Pass1" ) [DIV call]
1--> [end of rule action part]

0> [end of rule action part]


0> RuleActionPart of THEN at line 14220 fires. Rule variables: (GUIDSTRING)(CHARACTERGUID)S_GLO_CharacterCreationDummy_001_da072fe7-fdd5-42ae-9139-8bd4b9fca406, (INTEGER)(undef value), (INTEGER)(undef value)
1--> DB_IgnoreReservedChanged( (GUIDSTRING)(CHARACTERGUID)S_GLO_CharacterCreationDummy_001_da072fe7-fdd5-42ae-9139-8bd4b9fca406 ) [delete fact]
0> [end of rule action part]


0> RuleActionPart of THEN at line 15204 fires. Rule variables: (GUIDSTRING)(CHARACTERGUID)S_GLO_CharacterCreationDummy_001_da072fe7-fdd5-42ae-9139-8bd4b9fca406, (INTEGER)(undef value), (INTEGER)(undef value)
1--> DB_JournalIgnoreReservedChanged( (GUIDSTRING)(CHARACTERGUID)S_GLO_CharacterCreationDummy_001_da072fe7-fdd5-42ae-9139-8bd4b9fca406 ) [delete fact]
0> [end of rule action part]


0> RuleActionPart of THEN at line 19670 fires. Rule variables: (GUIDSTRING)(CHARACTERGUID)S_GLO_CharacterCreationDummy_001_da072fe7-fdd5-42ae-9139-8bd4b9fca406, (INTEGER)(undef value), (INTEGER)65537
1--> DB_UnregisterForUserIDChanged( 1 ) [delete fact]
0> [end of rule action part]


0> RuleActionPart of THEN at line 21327 fires. Rule variables: (GUIDSTRING)(undef value), (INTEGER)(undef value), (INTEGER)(undef value)
1--> ProcFixPlayerAlignments(  ) [Osiris procedure call]
exec [DIV query] IsInArena( (GUIDSTRING)(CHARACTERGUID)CHARACTERGUID_S_GLO_CharacterCreationDummy_001_da072fe7-fdd5-42ae-9139-8bd4b9fca406, [out] (INTEGER)0 )
     Query returns: IsInArena( (CHARACTERGUID)CHARACTERGUID_S_GLO_CharacterCreationDummy_001_da072fe7-fdd5-42ae-9139-8bd4b9fca406, 0 )
exec [DIV query] CharacterIsPlayer( (GUIDSTRING)(CHARACTERGUID)CHARACTERGUID_S_GLO_CharacterCreationDummy_001_da072fe7-fdd5-42ae-9139-8bd4b9fca406, [out] (INTEGER)1 )
     Query returns: CharacterIsPlayer( (CHARACTERGUID)CHARACTERGUID_S_GLO_CharacterCreationDummy_001_da072fe7-fdd5-42ae-9139-8bd4b9fca406, 1 )
exec [DIV query] IsInArena( (GUIDSTRING)(CHARACTERGUID)CHARACTERGUID_S_GLO_CharacterCreationDummy_001_da072fe7-fdd5-42ae-9139-8bd4b9fca406, [out] (INTEGER)0 )
     Query returns: IsInArena( (CHARACTERGUID)CHARACTERGUID_S_GLO_CharacterCreationDummy_001_da072fe7-fdd5-42ae-9139-8bd4b9fca406, 0 )
0> [end of rule action part]

exec [DIV query] GlobalGetFlag( "Arena_RequestingLastManStanding", [out] (INTEGER)1 )
     Query returns: GlobalGetFlag( "Arena_RequestingLastManStanding", 0 )
>>> call COsiris::Event
>>> event CharacterJoinedParty((CHARACTERGUID)S_GLO_CharacterCreationDummy_001_da072fe7-fdd5-42ae-9139-8bd4b9fca406)
exec [DIV query] IsTagged( (GUIDSTRING)(CHARACTERGUID)S_GLO_CharacterCreationDummy_001_da072fe7-fdd5-42ae-9139-8bd4b9fca406, "SUMMON", [out] (INTEGER)1 )
     Query returns: IsTagged( (CHARACTERGUID)S_GLO_CharacterCreationDummy_001_da072fe7-fdd5-42ae-9139-8bd4b9fca406, "SUMMON", 0 )

0> RuleActionPart of THEN at line 15218 fires. Rule variables: (GUIDSTRING)(CHARACTERGUID)S_GLO_CharacterCreationDummy_001_da072fe7-fdd5-42ae-9139-8bd4b9fca406
1--> ProcShareQuestsWithParty( (GUIDSTRING)(CHARACTERGUID)S_GLO_CharacterCreationDummy_001_da072fe7-fdd5-42ae-9139-8bd4b9fca406 ) [Osiris procedure call]

1--> RuleActionPart of THEN at line 15255 fires. Rule variables: (GUIDSTRING)(CHARACTERGUID)S_GLO_CharacterCreationDummy_001_da072fe7-fdd5-42ae-9139-8bd4b9fca406
2----> DB_MigratedNewPartyFlags( 1 ) [delete fact]
1--> [end of rule action part]

0> [end of rule action part]

exec [DIV query] CharacterGetReservedUserID( (GUIDSTRING)(CHARACTERGUID)S_GLO_CharacterCreationDummy_001_da072fe7-fdd5-42ae-9139-8bd4b9fca406, [out] (INTEGER)(undef value) )
     Query returns: CharacterGetReservedUserID( (CHARACTERGUID)S_GLO_CharacterCreationDummy_001_da072fe7-fdd5-42ae-9139-8bd4b9fca406, 65537 )

0> RuleActionPart of THEN at line 15264 fires. Rule variables: (GUIDSTRING)(CHARACTERGUID)S_GLO_CharacterCreationDummy_001_da072fe7-fdd5-42ae-9139-8bd4b9fca406, (INTEGER)65537
1--> ProcMigrateQuestsForUser( (INTEGER)65537, (GUIDSTRING)(CHARACTERGUID)S_GLO_CharacterCreationDummy_001_da072fe7-fdd5-42ae-9139-8bd4b9fca406 ) [Osiris procedure call]
exec [DIV query] CharacterGetReservedUserID( (GUIDSTRING)(CHARACTERGUID)CHARACTERGUID_S_GLO_CharacterCreationDummy_001_da072fe7-fdd5-42ae-9139-8bd4b9fca406, [out] (INTEGER)65537 )
     Query returns: CharacterGetReservedUserID( (CHARACTERGUID)CHARACTERGUID_S_GLO_CharacterCreationDummy_001_da072fe7-fdd5-42ae-9139-8bd4b9fca406, 65537 )
0> [end of rule action part]

exec [DIV query] CharacterIsSummon( (GUIDSTRING)(CHARACTERGUID)S_GLO_CharacterCreationDummy_001_da072fe7-fdd5-42ae-9139-8bd4b9fca406, [out] (INTEGER)1 )
     Query returns: CharacterIsSummon( (CHARACTERGUID)S_GLO_CharacterCreationDummy_001_da072fe7-fdd5-42ae-9139-8bd4b9fca406, 0 )

0> RuleActionPart of THEN at line 21052 fires. Rule variables: (GUIDSTRING)(CHARACTERGUID)S_GLO_CharacterCreationDummy_001_da072fe7-fdd5-42ae-9139-8bd4b9fca406
1--> DB_JoinedParty( (GUIDSTRING)(CHARACTERGUID)S_GLO_CharacterCreationDummy_001_da072fe7-fdd5-42ae-9139-8bd4b9fca406 ) [add fact]
0> [end of rule action part]


0> RuleActionPart of THEN at line 21340 fires. Rule variables: (GUIDSTRING)(undef value)
1--> ProcFixPlayerAlignments(  ) [Osiris procedure call]
exec [DIV query] IsInArena( (GUIDSTRING)(CHARACTERGUID)CHARACTERGUID_S_GLO_CharacterCreationDummy_001_da072fe7-fdd5-42ae-9139-8bd4b9fca406, [out] (INTEGER)0 )
     Query returns: IsInArena( (CHARACTERGUID)CHARACTERGUID_S_GLO_CharacterCreationDummy_001_da072fe7-fdd5-42ae-9139-8bd4b9fca406, 0 )
exec [DIV query] CharacterIsPlayer( (GUIDSTRING)(CHARACTERGUID)CHARACTERGUID_S_GLO_CharacterCreationDummy_001_da072fe7-fdd5-42ae-9139-8bd4b9fca406, [out] (INTEGER)1 )
     Query returns: CharacterIsPlayer( (CHARACTERGUID)CHARACTERGUID_S_GLO_CharacterCreationDummy_001_da072fe7-fdd5-42ae-9139-8bd4b9fca406, 1 )
exec [DIV query] IsInArena( (GUIDSTRING)(CHARACTERGUID)CHARACTERGUID_S_GLO_CharacterCreationDummy_001_da072fe7-fdd5-42ae-9139-8bd4b9fca406, [out] (INTEGER)0 )
     Query returns: IsInArena( (CHARACTERGUID)CHARACTERGUID_S_GLO_CharacterCreationDummy_001_da072fe7-fdd5-42ae-9139-8bd4b9fca406, 0 )
0> [end of rule action part]

>>> call COsiris::Event
>>> event ObjectWasTagged(da072fe7-fdd5-42ae-9139-8bd4b9fca406, "REALLY_HUMAN")
>>> call COsiris::Event
>>> event ObjectWasTagged(da072fe7-fdd5-42ae-9139-8bd4b9fca406, "AVATAR")

0> RuleActionPart of THEN at line 11566 fires. Rule variables: (GUIDSTRING)da072fe7-fdd5-42ae-9139-8bd4b9fca406
1--> DB_Avatars( (GUIDSTRING)da072fe7-fdd5-42ae-9139-8bd4b9fca406 ) [add fact]
0> [end of rule action part]

>>> call COsiris::Event
>>> event StoryEvent(S_GLO_CharacterCreationDummy_001_da072fe7-fdd5-42ae-9139-8bd4b9fca406, "ChosenPlayerTeleported")
>>> call COsiris::Event
event OnStageChanged/2 ignored (no rules defined using it)
>>> call COsiris::Event
>>> event CharacterWentOnStage((CHARACTERGUID)S_Player_GenericOrigin_7b6c1f26-fe4e-40bd-a5d0-e6ff58cef4fe, 0)
exec [DIV query] ObjectIsCharacter( (GUIDSTRING)(CHARACTERGUID)S_Player_GenericOrigin_7b6c1f26-fe4e-40bd-a5d0-e6ff58cef4fe, [out] (INTEGER)1 )
     Query returns: ObjectIsCharacter( (CHARACTERGUID)S_Player_GenericOrigin_7b6c1f26-fe4e-40bd-a5d0-e6ff58cef4fe, 1 )
>>> call COsiris::Event
event OnStageChanged/2 ignored (no rules defined using it)
>>> call COsiris::Event
>>> event CharacterWentOnStage((CHARACTERGUID)S_Player_GenericOrigin2_c451954c-73bf-46ce-a1d1-caa9bbdc3cfd, 0)
exec [DIV query] ObjectIsCharacter( (GUIDSTRING)(CHARACTERGUID)S_Player_GenericOrigin2_c451954c-73bf-46ce-a1d1-caa9bbdc3cfd, [out] (INTEGER)1 )
     Query returns: ObjectIsCharacter( (CHARACTERGUID)S_Player_GenericOrigin2_c451954c-73bf-46ce-a1d1-caa9bbdc3cfd, 1 )
>>> call COsiris::Event
event OnStageChanged/2 ignored (no rules defined using it)
>>> call COsiris::Event
>>> event CharacterWentOnStage((CHARACTERGUID)S_Player_GenericOrigin3_41a06985-7851-4c29-8a78-398ccb313f39, 0)
exec [DIV query] ObjectIsCharacter( (GUIDSTRING)(CHARACTERGUID)S_Player_GenericOrigin3_41a06985-7851-4c29-8a78-398ccb313f39, [out] (INTEGER)1 )
     Query returns: ObjectIsCharacter( (CHARACTERGUID)S_Player_GenericOrigin3_41a06985-7851-4c29-8a78-398ccb313f39, 1 )
>>> call COsiris::Event
event OnStageChanged/2 ignored (no rules defined using it)
>>> call COsiris::Event
>>> event CharacterWentOnStage((CHARACTERGUID)S_Player_GenericOrigin4_41a594ed-b768-4289-9f17-59f701cc6910, 0)
exec [DIV query] ObjectIsCharacter( (GUIDSTRING)(CHARACTERGUID)S_Player_GenericOrigin4_41a594ed-b768-4289-9f17-59f701cc6910, [out] (INTEGER)1 )
     Query returns: ObjectIsCharacter( (CHARACTERGUID)S_Player_GenericOrigin4_41a594ed-b768-4289-9f17-59f701cc6910, 1 )
>>> call COsiris::Event
>>> event UserEvent(65537, "GLO_LVHub_PlayerChests_Init_Pass1")
exec [DIV query] CharacterGetHostCharacter( [out] (GUIDSTRING)(undef value) )
     Query returns: CharacterGetHostCharacter( (CHARACTERGUID)da072fe7-fdd5-42ae-9139-8bd4b9fca406 )
exec [DIV query] CharacterGetReservedUserID( (GUIDSTRING)(CHARACTERGUID)da072fe7-fdd5-42ae-9139-8bd4b9fca406, [out] (INTEGER)65537 )
     Query returns: CharacterGetReservedUserID( (CHARACTERGUID)da072fe7-fdd5-42ae-9139-8bd4b9fca406, 65537 )
>>> call COsiris::Event
>>> event UserEvent(65537, "GLO_LVHub_PlayerChests_Init_Pass1")
exec [DIV query] CharacterGetHostCharacter( [out] (GUIDSTRING)(undef value) )
     Query returns: CharacterGetHostCharacter( (CHARACTERGUID)da072fe7-fdd5-42ae-9139-8bd4b9fca406 )
exec [DIV query] CharacterGetReservedUserID( (GUIDSTRING)(CHARACTERGUID)da072fe7-fdd5-42ae-9139-8bd4b9fca406, [out] (INTEGER)65537 )
     Query returns: CharacterGetReservedUserID( (CHARACTERGUID)da072fe7-fdd5-42ae-9139-8bd4b9fca406, 65537 )
